invno,invdate,amount,tbl_customer_idtbl_customer,customer,,,,,,,,,
5515,11/15/2023,941167.5,371,M/S. ORBIT GLASS LANKA,,,,,,,,,
5516,11/15/2023,1027770,371,M/S. ORBIT GLASS LANKA,,,,,,,,,
4247,1/4/2023,208507.5,372,M/S.LANKA LIGHTS,,,,,,,,,
4692,6/6/2023,222690,372,M/S.LANKA LIGHTS,,,,,,,,,
4829,7/10/2023,101137.5,372,M/S.LANKA LIGHTS,,,,,,,,,
5406,10/24/2023,81615,372,M/S.LANKA LIGHTS,,,,,,,,,
5727,12/29/2023,217507.5,373,M/S.NEW WAYAMBA LIGHTS,,,,,,,,,
5628,12/13/2023,102930,374,M/S.NEW S.S.CERAMIC & HARDWARE,,,,,,,,,
5440,10/30/2023,16635,375,M/S.LIGHTING TOKYO,,,,,,,,,
5696,12/27/2023,268290,376,M/S.NEW VIVI ELECTRO,,,,,,,,,
4597,5/8/2023,90750,377,M/S.RIZNA HARDWARE,,,,,,,,,
4746,6/20/2023,36825,377,M/S.RIZNA HARDWARE,,,,,,,,,
4899,7/25/2023,47175,377,M/S.RIZNA HARDWARE,,,,,,,,,
5332,10/9/2023,103905,377,M/S.RIZNA HARDWARE,,,,,,,,,
5455,10/31/2023,12000,377,M/S.RIZNA HARDWARE,,,,,,,,,
3339,1/24/2023,8100,379,M/S.WINITECH ELECTRICALS,,,,,,,,,
,,,,,,,,,,,,,
4614,5/12/2023,78322.5,380,M/S.PELMADULLA ELECTRICALS,,,,,,,,,
4666,5/31/2023,68745,380,M/S.PELMADULLA ELECTRICALS,,,,,,,,,
4744,6/20/2023,13005,380,M/S.PELMADULLA ELECTRICALS,,,,,,,,,
4589,5/3/2023,248512.5,91,SAHANMA LIGHT,,,,,,,,,
4745,6/20/2023,24000,380,M/S.PELMADULLA ELECTRICALS,,,,,,,,,
4664,5/31/2023,4575,91,SAHANMA LIGHT,,,,,,,,,
5477,11/3/2023,139425,91,SAHANMA LIGHT,,,,,,,,,
4743,6/20/2023,58357.5,380,M/S.PELMADULLA ELECTRICALS,,,,,,,,,
5510,11/15/2023,32250,91,SAHANMA LIGHT,,,,,,,,,
4751,6/21/2023,36877.5,380,M/S.PELMADULLA ELECTRICALS,,,,,,,,,
5522,11/16/2023,30450,91,SAHANMA LIGHT,,,,,,,,,
4846,7/11/2023,81262.5,380,M/S.PELMADULLA ELECTRICALS,,,,,,,,,
4879,7/17/2023,62707.5,380,M/S.PELMADULLA ELECTRICALS,,,,,,,,,
4783,6/27/2023,22515,70,DENTO ELECTRICALS,,,,,,,,,
4929,7/25/2023,57075,380,M/S.PELMADULLA ELECTRICALS,,,,,,,,,
4993,8/8/2023,59475,380,M/S.PELMADULLA ELECTRICALS,,,,,,,,,
4932,7/27/2023,61080,70,DENTO ELECTRICALS,,,,,,,,,
4998,8/9/2023,13425,380,M/S.PELMADULLA ELECTRICALS,,,,,,,,,
5063,8/22/2023,103612.5,380,M/S.PELMADULLA ELECTRICALS,,,,,,,,,
5064,8/22/2023,24000,380,M/S.PELMADULLA ELECTRICALS,,,,,,,,,
5305,10/5/2023,135907.5,380,M/S.PELMADULLA ELECTRICALS,,,,,,,,,
5306,10/5/2023,24000,380,M/S.PELMADULLA ELECTRICALS,,,,,,,,,
5314,10/5/2023,56400,380,M/S.PELMADULLA ELECTRICALS,,,,,,,,,
5432,10/30/2023,95587.5,380,M/S.PELMADULLA ELECTRICALS,,,,,,,,,
5565,11/29/2023,51322.5,380,M/S.PELMADULLA ELECTRICALS,,,,,,,,,
5594,12/5/2023,129900,380,M/S.PELMADULLA ELECTRICALS,,,,,,,,,
5595,12/6/2023,35550,380,M/S.PELMADULLA ELECTRICALS,,,,,,,,,
5637,12/15/2023,4050,380,M/S.PELMADULLA ELECTRICALS,,,,,,,,,
5045,8/17/2023,59550,70,DENTO ELECTRICALS,,,,,,,,,
5142,9/5/2023,13215,64,CENTRAL HARDWARE,,,,,,,,,
5150,9/7/2023,2970,64,CENTRAL HARDWARE,,,,,,,,,
4326,2/2/2023,130125,89,REGAL HARDWARE - MAWANALLA ,,,,,,,,,
3944,9/20/2022,81300,64,CENTRAL HARDWARE,,,,,,,,,
5535,11/20/2023,28500,64,CENTRAL HARDWARE,,,,,,,,,
4613,5/12/2023,24000,89,REGAL HARDWARE - MAWANALLA ,,,,,,,,,
4624,5/16/2023,137250,65,CHATHURANGA ELECTRICALS ,,,,,,,,,
4653,5/29/2023,24337.5,65,CHATHURANGA ELECTRICALS ,,,,,,,,,
4980,8/3/2023,52650,65,CHATHURANGA ELECTRICALS ,,,,,,,,,
,,,,,,,,,,,,,
5052,8/18/2023,290500,65,CHATHURANGA ELECTRICALS ,,,,,,,,,
5157,9/8/2023,59452.5,65,CHATHURANGA ELECTRICALS ,,,,,,,,,
5668,12/22/2023,219210,65,CHATHURANGA ELECTRICALS ,,,,,,,,,
4763,6/23/2023,43950,89,REGAL HARDWARE - MAWANALLA ,,,,,,,,,
1126,1/23/2020,38640,85,ORIGIN POWER ELECTRICALS,,,,,,,,,
1449,5/20/2020,39462,85,ORIGIN POWER ELECTRICALS,,,,,,,,,
2615,12/16/2020,24573,85,ORIGIN POWER ELECTRICALS,,,,,,,,,
2631,5/1/2021,13727,85,ORIGIN POWER ELECTRICALS,,,,,,,,,
2650,1/15/2021,7077,85,ORIGIN POWER ELECTRICALS,,,,,,,,,
3531,3/21/2022,163522.5,85,ORIGIN POWER ELECTRICALS,,,,,,,,,
3666,4/28/2022,9075,85,ORIGIN POWER ELECTRICALS,,,,,,,,,
4573,4/27/2023,48712.5,67,CITY LIGHT ELECTRICAL -THIHARIYA ,,,,,,,,,
4668,5/31/2023,96840,67,CITY LIGHT ELECTRICAL -THIHARIYA ,,,,,,,,,
4807,7/5/2023,120000,89,REGAL HARDWARE - MAWANALLA ,,,,,,,,,
4742,6/20/2023,81855,67,CITY LIGHT ELECTRICAL -THIHARIYA ,,,,,,,,,
4898,7/20/2023,154995,89,REGAL HARDWARE - MAWANALLA ,,,,,,,,,
4883,7/17/2023,54810,67,CITY LIGHT ELECTRICAL -THIHARIYA ,,,,,,,,,
5567,11/29/2023,46200,89,REGAL HARDWARE - MAWANALLA ,,,,,,,,,
4912,7/24/2023,121530,67,CITY LIGHT ELECTRICAL -THIHARIYA ,,,,,,,,,
5640,12/15/2023,77625,89,REGAL HARDWARE - MAWANALLA ,,,,,,,,,
4663,5/31/2023,110167.5,73,FASHION LIGHT,,,,,,,,,
4926,7/25/2023,26010,67,CITY LIGHT ELECTRICAL -THIHARIYA ,,,,,,,,,
5137,9/5/2023,106897.5,73,FASHION LIGHT,,,,,,,,,
4937,7/26/2023,54000,67,CITY LIGHT ELECTRICAL -THIHARIYA ,,,,,,,,,
5201,9/18/2023,113850,73,FASHION LIGHT,,,,,,,,,
5097,8/28/2023,32100,67,CITY LIGHT ELECTRICAL -THIHARIYA ,,,,,,,,,
5400,10/23/2023,175035,67,CITY LIGHT ELECTRICAL -THIHARIYA ,,,,,,,,,
5454,10/31/2023,103650,73,FASHION LIGHT,,,,,,,,,
5520,11/16/2023,75075,67,CITY LIGHT ELECTRICAL -THIHARIYA ,,,,,,,,,
5609,12/7/2023,67425,73,FASHION LIGHT,,,,,,,,,
5684,12/22/2023,102255,73,FASHION LIGHT,,,,,,,,,
5632,12/14/2023,47812.5,67,CITY LIGHT ELECTRICAL -THIHARIYA ,,,,,,,,,
4547,4/10/2023,17475,78,MAHELA ELECTRICALS,,,,,,,,,
4726,6/16/2023,41940,81,NEW LAKMAL ELECTRICALS,,,,,,,,,
4682,6/2/2023,21675,78,MAHELA ELECTRICALS,,,,,,,,,
5698,12/27/2023,20925,81,NEW LAKMAL ELECTRICALS,,,,,,,,,
4762,6/23/2023,13005,78,MAHELA ELECTRICALS,,,,,,,,,
4572,4/27/2023,106950,61,ASIAN ELECTRICALS ,,,,,,,,,
4876,7/17/2023,108450,61,ASIAN ELECTRICALS ,,,,,,,,,
5024,8/14/2023,14197.5,78,MAHELA ELECTRICALS,,,,,,,,,
5346,10/11/2023,71025,61,ASIAN ELECTRICALS ,,,,,,,,,
5373,10/17/2023,45105,78,MAHELA ELECTRICALS,,,,,,,,,
5363,10/16/2023,83100,61,ASIAN ELECTRICALS ,,,,,,,,,
5526,11/20/2023,21720,78,MAHELA ELECTRICALS,,,,,,,,,
5534,11/20/2023,24705,61,ASIAN ELECTRICALS ,,,,,,,,,
5323,10/9/2023,25290,79,N.S. HARDWARE  & PLYWOOD ,,,,,,,,,
5345,10/11/2023,55170,79,N.S. HARDWARE  & PLYWOOD ,,,,,,,,,
4986,8/7/2023,33000,102,UNITED GLASS HOUSE & HARDWARE,,,,,,,,,
5319,10/9/2023,81105,82,NEW MAHAJANA STORES,,,,,,,,,
4633,5/19/2023,185775,83,NEW CENTRAL HARDWARE,,,,,,,,,
4063,10/27/2022,337537.5,342,FUJI ELECTRICALS ,,,,,,,,,
4647,5/25/2023,9015,83,NEW CENTRAL HARDWARE,,,,,,,,,
4676,6/1/2023,102750,83,NEW CENTRAL HARDWARE,,,,,,,,,
4070,11/1/2022,37800,342,FUJI ELECTRICALS ,,,,,,,,,
5013,11/8/2023,59760,83,NEW CENTRAL HARDWARE,,,,,,,,,
4603,5/9/2023,83700,342,FUJI ELECTRICALS ,,,,,,,,,
5171,9/13/2023,99000,83,NEW CENTRAL HARDWARE,,,,,,,,,
5242,9/26/2023,145125,83,NEW CENTRAL HARDWARE,,,,,,,,,
4686,6/5/2023,78900,342,FUJI ELECTRICALS ,,,,,,,,,
5574,11/30/2023,218925,83,NEW CENTRAL HARDWARE,,,,,,,,,
5231,9/25/2023,144547.5,342,FUJI ELECTRICALS ,,,,,,,,,
5352,10/12/2023,67050,342,FUJI ELECTRICALS ,,,,,,,,,
4134,11/23/2022,145132.5,353,LUCKY HARDWARE ,,,,,,,,,
5436,10/30/2023,211050,342,FUJI ELECTRICALS ,,,,,,,,,
4550,4/20/2023,103657.5,353,LUCKY HARDWARE ,,,,,,,,,
5701,12/28/2023,161617.5,353,LUCKY HARDWARE ,,,,,,,,,
5438,10/30/2023,13410,342,FUJI ELECTRICALS ,,,,,,,,,
5702,12/28/2023,155137.5,353,LUCKY HARDWARE ,,,,,,,,,
5680,12/22/2023,223935,342,FUJI ELECTRICALS ,,,,,,,,,
4262,10/1/2023,208807.5,366,LISHAN CYCLE PALACE,,,,,,,,,
4565,4/26/2023,141795,366,LISHAN CYCLE PALACE,,,,,,,,,
4591,5/3/2023,80520,366,LISHAN CYCLE PALACE,,,,,,,,,
4619,5/16/2023,52425,366,LISHAN CYCLE PALACE,,,,,,,,,
5656,12/19/2023,81450,366,LISHAN CYCLE PALACE,,,,,,,,,
4278,1/17/2023,171690,367,LASHWIN ELECTRICALS ,,,,,,,,,
4323,2/2/2023,61657.5,367,LASHWIN ELECTRICALS ,,,,,,,,,
4345,2/9/2023,5625,367,LASHWIN ELECTRICALS ,,,,,,,,,
4482,3/23/2023,231180,210,MULITY HARDWARE,,,,,,,,,
5241,9/26/2023,86910,381,OMEK LIGHTING & POWER SOLUTIONS,,,,,,,,,
5513,11/15/2023,34950,381,OMEK LIGHTING & POWER SOLUTIONS,,,,,,,,,
4759,6/21/2023,10440,210,MULITY HARDWARE,,,,,,,,,
4501,3/28/2023,152332.5,382,TOYO ELECTRICALS,,,,,,,,,
4593,5/4/2023,81750,382,TOYO ELECTRICALS,,,,,,,,,
4643,5/23/2023,42885,382,TOYO ELECTRICALS,,,,,,,,,
4654,5/29/2023,13005,382,TOYO ELECTRICALS,,,,,,,,,
4677,6/1/2023,34950,382,TOYO ELECTRICALS,,,,,,,,,
4690,6/5/2023,74130,382,TOYO ELECTRICALS,,,,,,,,,
4739,6/19/2023,48150,382,TOYO ELECTRICALS,,,,,,,,,
4815,7/6/2023,51487.5,382,TOYO ELECTRICALS,,,,,,,,,
4881,7/17/2023,53400,382,TOYO ELECTRICALS,,,,,,,,,
4918,7/25/2023,33487.5,382,TOYO ELECTRICALS,,,,,,,,,
4927,7/25/2023,67950,382,TOYO ELECTRICALS,,,,,,,,,
4936,7/26/2023,13950,382,TOYO ELECTRICALS,,,,,,,,,
4978,8/3/2023,32100,382,TOYO ELECTRICALS,,,,,,,,,
5012,8/11/2023,1747.5,382,TOYO ELECTRICALS,,,,,,,,,
5020,8/14/2023,53587.5,382,TOYO ELECTRICALS,,,,,,,,,
5083,8/25/2023,57135,382,TOYO ELECTRICALS,,,,,,,,,
5168,9/12/2023,16200,382,TOYO ELECTRICALS,,,,,,,,,
5240,9/26/2023,87360,382,TOYO ELECTRICALS,,,,,,,,,
5337,10/10/2023,154897.5,382,TOYO ELECTRICALS,,,,,,,,,
5372,10/17/2023,65527.5,382,TOYO ELECTRICALS,,,,,,,,,
5431,10/30/2023,66750,382,TOYO ELECTRICALS,,,,,,,,,
5507,11/15/2023,22440,382,TOYO ELECTRICALS,,,,,,,,,
5705,12/28/2023,66825,382,TOYO ELECTRICALS,,,,,,,,,
4621,5/16/2023,16050,383,K.MARK  ELECTRICALS,,,,,,,,,
4779,6/27/2023,80512.5,383,K.MARK  ELECTRICALS,,,,,,,,,
4828,7/10/2023,98040,383,K.MARK  ELECTRICALS,,,,,,,,,
4845,7/11/2023,100387.5,383,K.MARK  ELECTRICALS,,,,,,,,,
4892,7/19/2023,15937.5,383,K.MARK  ELECTRICALS,,,,,,,,,
4903,7/21/2023,17887.5,383,K.MARK  ELECTRICALS,,,,,,,,,
4935,7/26/2023,135690,383,K.MARK  ELECTRICALS,,,,,,,,,
5342,10/11/2023,24975,383,K.MARK  ELECTRICALS,,,,,,,,,
5395,10/20/2023,30435,383,K.MARK  ELECTRICALS,,,,,,,,,
5427,10/27/2023,159570,383,K.MARK  ELECTRICALS,,,,,,,,,
5644,12/18/2023,93105,383,K.MARK  ELECTRICALS,,,,,,,,,
4695,6/6/2023,767190,83,NEW CENTRAL HARDWARE,,,,,,,,,
4696,6/6/2023,24000,83,NEW CENTRAL HARDWARE,,,,,,,,,
4711,6/12/2023,40680,83,NEW CENTRAL HARDWARE,,,,,,,,,
4723,6/15/2023,63225,83,NEW CENTRAL HARDWARE,,,,,,,,,
5362,10/16/2023,132210,83,NEW CENTRAL HARDWARE,,,,,,,,,
4997,8/9/2023,150112.5,384,NEW UNION HARDWARE,,,,,,,,,
4999,8/9/2023,24000,384,NEW UNION HARDWARE,,,,,,,,,
5089,8/28/2023,176475,384,NEW UNION HARDWARE,,,,,,,,,
5159,9/11/2023,198555,384,NEW UNION HARDWARE,,,,,,,,,
5230,9/25/2023,216255,384,NEW UNION HARDWARE,,,,,,,,,
5235,9/25/2023,11580,384,NEW UNION HARDWARE,,,,,,,,,
5300,10/4/2023,162450,384,NEW UNION HARDWARE,,,,,,,,,
5302,10/4/2023,87375,384,NEW UNION HARDWARE,,,,,,,,,
5598,6/12/2023,183600,384,NEW UNION HARDWARE,,,,,,,,,
5330,10/9/2023,39562.5,385,GAMPOOLA ELECTRICALS,,,,,,,,,
5487,11/6/2023,6352.5,385,GAMPOOLA ELECTRICALS,,,,,,,,,
5505,11/15/2023,12555,385,GAMPOOLA ELECTRICALS,,,,,,,,,
5367,10/16/2023,488985,386,JANAKA ELECTRICALS,,,,,,,,,
5413,10/25/2023,53100,386,JANAKA ELECTRICALS,,,,,,,,,
5502,11/13/2023,233970,386,JANAKA ELECTRICALS,,,,,,,,,
5623,12/13/2023,42802.5,386,JANAKA ELECTRICALS,,,,,,,,,
5515,11/15/2023,941167.5,371,M/S. ORBIT GLASS LANKA,,,,,,,,,
5516,11/15/2023,86602.5,371,M/S. ORBIT GLASS LANKA,,,,,,,,,
5424,10/26/2023,84690,21,JAYASOMA ELECTRICALS,,,,,,,,,
5716,12/29/2023,11542.5,21,JAYASOMA ELECTRICALS,,,,,,,,,
5370,10/16/2023,112050,38,PRAMOD ELECTRICAL,,,,,,,,,
4817,7/6/2023,49275,285,NEW GOLDEN HARDWARE,,,,,,,,,
4900,7/20/2023,26212.5,33,NEW SUPPER ELECTRICALS,,,,,,,,,
4916,7/24/2023,26212.5,33,NEW SUPPER ELECTRICALS,,,,,,,,,
4996,8/8/2023,1815,33,NEW SUPPER ELECTRICALS,,,,,,,,,
5146,9/6/2023,120000,289,NUWAN ELECTRICALS,,,,,,,,,
5167,9/12/2023,34740,289,NUWAN ELECTRICALS,,,,,,,,,
5661,12/20/2023,22387.5,33,NEW SUPPER ELECTRICALS,,,,,,,,,
4405,2/28/2023,22147.5,305,GALLE ELECTRICALS HOLDINGS,,,,,,,,,
4540,4/7/2023,16050,305,GALLE ELECTRICALS HOLDINGS,,,,,,,,,
4910,7/24/2023,67500,305,GALLE ELECTRICALS HOLDINGS,,,,,,,,,
4992,8/8/2023,150930,305,GALLE ELECTRICALS HOLDINGS,,,,,,,,,
5191,9/15/2023,58050,305,GALLE ELECTRICALS HOLDINGS,,,,,,,,,
5544,11/22/2023,126435,305,GALLE ELECTRICALS HOLDINGS,,,,,,,,,
4772,6/26/2023,21742.5,387,D&D ELECTRICALS,,,,,,,,,
5612,12/11/2023,138150,305,GALLE ELECTRICALS HOLDINGS,,,,,,,,,
5652,12/18/2023,24300,34,P.C ELETRICALS,,,,,,,,,
2390,3/31/2021,164500,303,GALLE ELECTRICALS AGENCY,,,,,,,,,
3372,2/2/2022,129075,303,GALLE ELECTRICALS AGENCY,,,,,,,,,
5131,9/4/2023,82830,32,NEW CASCADE ELECTRICALS,,,,,,,,,
5143,9/5/2023,42150,32,NEW CASCADE ELECTRICALS,,,,,,,,,
4388,2/22/2023,25110,303,GALLE ELECTRICALS AGENCY,,,,,,,,,
4433,3/9/2023,118500,303,GALLE ELECTRICALS AGENCY,,,,,,,,,
4982,7/8/2023,40500,4,CASCADE ELECTRICALS,,,,,,,,,
4471,3/21/2023,40500,303,GALLE ELECTRICALS AGENCY,,,,,,,,,
5514,11/15/2023,11220,4,CASCADE ELECTRICALS,,,,,,,,,
5484,11/6/2023,4680,303,GALLE ELECTRICALS AGENCY,,,,,,,,,
5616,12/11/2023,54000,4,CASCADE ELECTRICALS,,,,,,,,,
4618,5/16/2023,19807.5,287,NIPPON ELECTRICAL ,,,,,,,,,
4193,12/19/2022,96900,18,HORANA ELECTRICALS,,,,,,,,,
4244,1/2/2023,111000,18,HORANA ELECTRICALS,,,,,,,,,
4732,6/16/2023,16200,287,NIPPON ELECTRICAL ,,,,,,,,,
4584,5/2/2023,30375,18,HORANA ELECTRICALS,,,,,,,,,
4632,5/19/2023,40500,18,HORANA ELECTRICALS,,,,,,,,,
4557,4/21/2023,154650,281,LIGHT HOUSE ELECTRICALS,,,,,,,,,
4559,4/21/2023,39015,281,LIGHT HOUSE ELECTRICALS,,,,,,,,,
3658,3/26/2023,8370,37,POWER GRANT,,,,,,,,,
4693,6/6/2023,24277.5,37,POWER GRANT,,,,,,,,,
4758,6/21/2023,230475,281,LIGHT HOUSE ELECTRICALS,,,,,,,,,
4994,8/8/2023,78870,281,LIGHT HOUSE ELECTRICALS,,,,,,,,,
5015,8/11/2023,22680,281,LIGHT HOUSE ELECTRICALS,,,,,,,,,
5140,9/5/2023,337080,281,LIGHT HOUSE ELECTRICALS,,,,,,,,,
4710,6/12/2023,4335,37,POWER GRANT,,,,,,,,,
4752,6/21/2023,4732.5,37,POWER GRANT,,,,,,,,,
5252,9/30/2023,131062.5,281,LIGHT HOUSE ELECTRICALS,,,,,,,,,
4970,7/31/2023,24180,37,POWER GRANT,,,,,,,,,
5385,10/19/2023,83250,281,LIGHT HOUSE ELECTRICALS,,,,,,,,,
4673,5/31/2023,4095,17,HEYLI ELECTRICALS,,,,,,,,,
5422,10/26/2023,83700,281,LIGHT HOUSE ELECTRICALS,,,,,,,,,
5017,8/14/2023,13425,17,HEYLI ELECTRICALS,,,,,,,,,
5584,12/4/2023,83700,281,LIGHT HOUSE ELECTRICALS,,,,,,,,,
5211,9/19/2023,50940,17,HEYLI ELECTRICALS,,,,,,,,,
5645,12/18/2023,54000,281,LIGHT HOUSE ELECTRICALS,,,,,,,,,
5633,12/14/2023,6637.5,14,GUNARATHNE ELECTRICALS,,,,,,,,,
4944,7/26/2023,12967.5,47,SCAME ELECTRICALS,,,,,,,,,
5152,9/7/2023,26422.5,47,SCAME ELECTRICALS,,,,,,,,,
4319,2/1/2023,534075,300,WELEKADE GLASS & ELECTRICALS,,,,,,,,,
4007,10/7/2022,8242.5,56,VITHANAGE ELECTRICLAS,,,,,,,,,
4402,2/27/2023,129750,300,WELEKADE GLASS & ELECTRICALS,,,,,,,,,
5051,8/18/2023,27727.5,56,VITHANAGE ELECTRICLAS,,,,,,,,,
4419,3/3/2023,702555,300,WELEKADE GLASS & ELECTRICALS,,,,,,,,,
4659,5/30/2023,28177.5,1,A.N. ELECTRICALS,,,,,,,,,
4847,7/11/2023,25170,1,A.N. ELECTRICALS,,,,,,,,,
4423,3/7/2023,326250,300,WELEKADE GLASS & ELECTRICALS,,,,,,,,,
4850,7/12/2023,8520,1,A.N. ELECTRICALS,,,,,,,,,
4861,7/13/2024,72465,1,A.N. ELECTRICALS,,,,,,,,,
4476,3/22/2023,141600,300,WELEKADE GLASS & ELECTRICALS,,,,,,,,,
4870,7/14/2023,16650,1,A.N. ELECTRICALS,,,,,,,,,
4875,7/14/2023,6202.5,1,A.N. ELECTRICALS,,,,,,,,,
4509,3/30/2023,34200,300,WELEKADE GLASS & ELECTRICALS,,,,,,,,,
4893,7/19/2023,4110,1,A.N. ELECTRICALS,,,,,,,,,
4543,4/7/2023,122175,300,WELEKADE GLASS & ELECTRICALS,,,,,,,,,
915,7/26/2023,106410,1,A.N. ELECTRICALS,,,,,,,,,
4950,7/27/2023,19020,1,A.N. ELECTRICALS,,,,,,,,,
4548,4/10/2023,72315,300,WELEKADE GLASS & ELECTRICALS,,,,,,,,,
5080,8/24/2023,7965,1,A.N. ELECTRICALS,,,,,,,,,
5316,10/6/2023,183150,1,A.N. ELECTRICALS,,,,,,,,,
4606,5/10/2023,370680,300,WELEKADE GLASS & ELECTRICALS,,,,,,,,,
5466,10/31/2023,208845,1,A.N. ELECTRICALS,,,,,,,,,
4688,6/5/2023,229582.5,300,WELEKADE GLASS & ELECTRICALS,,,,,,,,,
4702,6/12/2023,163200,300,WELEKADE GLASS & ELECTRICALS,,,,,,,,,
5467,10/31/2023,149085,1,A.N. ELECTRICALS,,,,,,,,,
4721,6/14/2023,111975,300,WELEKADE GLASS & ELECTRICALS,,,,,,,,,
4605,5/10/2023,102675,52,TIMEE ELECTRICALS,,,,,,,,,
4822,7/14/2023,24285,52,TIMEE ELECTRICALS,,,,,,,,,
4722,6/15/2023,254265,300,WELEKADE GLASS & ELECTRICALS,,,,,,,,,
4827,7/7/2023,318225,52,TIMEE ELECTRICALS,,,,,,,,,
4778,7/27/2023,89475,300,WELEKADE GLASS & ELECTRICALS,,,,,,,,,
4865,7/13/2023,10125,52,TIMEE ELECTRICALS,,,,,,,,,
5109,8/29/2023,84300,52,TIMEE ELECTRICALS,,,,,,,,,
5491,11/7/2023,104850,52,TIMEE ELECTRICALS,,,,,,,,,
5151,9/7/2023,40275,300,WELEKADE GLASS & ELECTRICALS,,,,,,,,,
5600,12/6/2023,196920,52,TIMEE ELECTRICALS,,,,,,,,,
5621,12/12/2023,135000,52,TIMEE ELECTRICALS,,,,,,,,,
5227,9/25/2023,918247.5,300,WELEKADE GLASS & ELECTRICALS,,,,,,,,,
5246,9/27/2023,40680,300,WELEKADE GLASS & ELECTRICALS,,,,,,,,,
5253,9/30/2023,174750,300,WELEKADE GLASS & ELECTRICALS,,,,,,,,,
5303,10/5/2023,337950,300,WELEKADE GLASS & ELECTRICALS,,,,,,,,,
5359,10/13/2023,84075,46,SARATH ENTERPRISES,,,,,,,,,
5414,10/25/2023,46590,46,SARATH ENTERPRISES,,,,,,,,,
5360,10/13/2023,363570,300,WELEKADE GLASS & ELECTRICALS,,,,,,,,,
5425,10/26/2023,21555,46,SARATH ENTERPRISES,,,,,,,,,
5578,11/30/2023,194940,300,WELEKADE GLASS & ELECTRICALS,,,,,,,,,
5490,11/7/2023,34320,46,SARATH ENTERPRISES,,,,,,,,,
5667,12/22/2023,1771710,300,WELEKADE GLASS & ELECTRICALS,,,,,,,,,
5518,11/15/2023,7755,46,SARATH ENTERPRISES,,,,,,,,,
4597,5/8/2023,90750,316,RIZNA HARDWARE,,,,,,,,,
4409,2/28/2023,79830,9,DISANAYAKE ELECTRICALS,,,,,,,,,
4746,6/20/2023,43038,377,M/S.RIZNA HARDWARE,,,,,,,,,
4468,3/21/2023,17475,9,DISANAYAKE ELECTRICALS,,,,,,,,,
4542,4/7/2023,104835,9,DISANAYAKE ELECTRICALS,,,,,,,,,
4546,4/10/2023,2722.5,9,DISANAYAKE ELECTRICALS,,,,,,,,,
4899,7/20/2023,90213,377,M/S.RIZNA HARDWARE,,,,,,,,,
4957,7/31/2023,37530,9,DISANAYAKE ELECTRICALS,,,,,,,,,
5044,8/17/2023,53925,9,DISANAYAKE ELECTRICALS,,,,,,,,,
5151,9/7/2023,40275,388,AMBATHENNA GLASS & ELECTRICALS,,,,,,,,,
5685,12/22/2023,240000,388,AMBATHENNA GLASS & ELECTRICALS,,,,,,,,,
5392,10/19/2023,54210,9,DISANAYAKE ELECTRICALS,,,,,,,,,
5332,10/9/2023,99693,377,M/S.RIZNA HARDWARE,,,,,,,,,
5494,11/8/2023,27000,9,DISANAYAKE ELECTRICALS,,,,,,,,,
5517,11/15/2023,78892.5,9,DISANAYAKE ELECTRICALS,,,,,,,,,
4558,4/21/2023,14602.5,30,NEW MALMADU ELECTRICALS,,,,,,,,,
5135,9/5/2023,69615,30,NEW MALMADU ELECTRICALS,,,,,,,,,
4443,3/14/2023,280950,286,NEW LIGHT ELECTRICALS,,,,,,,,,
5136,9/5/2023,41415,30,NEW MALMADU ELECTRICALS,,,,,,,,,
5455,10/31/2023,111693,377,M/S.RIZNA HARDWARE,,,,,,,,,
4451,3/17/2023,108000,286,NEW LIGHT ELECTRICALS,,,,,,,,,
4495,3/28/2023,67875,286,NEW LIGHT ELECTRICALS,,,,,,,,,
5485,11/6/2023,21570,35,P.P.S TRADING COMPANY,,,,,,,,,
4530,4/6/2023,139365,286,NEW LIGHT ELECTRICALS,,,,,,,,,
4541,4/7/2023,343725,55,VALUE VISION ,,,,,,,,,
4595,5/4/2023,87375,286,NEW LIGHT ELECTRICALS,,,,,,,,,
4600,5/8/2023,20700,286,NEW LIGHT ELECTRICALS,,,,,,,,,
4578,4/27/2023,31387.5,55,VALUE VISION ,,,,,,,,,
4615,5/15/2023,23850,286,NEW LIGHT ELECTRICALS,,,,,,,,,
4679,6/2/2023,945615,55,VALUE VISION ,,,,,,,,,
4635,5/19/2023,80250,286,NEW LIGHT ELECTRICALS,,,,,,,,,
5200,9/18/2023,61507.5,55,VALUE VISION ,,,,,,,,,
4660,5/30/2023,143400,286,NEW LIGHT ELECTRICALS,,,,,,,,,
4521,3/31/2023,154717.5,25,LIYANAGE HARDWARE ,,,,,,,,,
4697,6/7/2023,86250,286,NEW LIGHT ELECTRICALS,,,,,,,,,
4715,6/13/2023,140775,286,NEW LIGHT ELECTRICALS,,,,,,,,,
4684,6/5/2023,112020,25,LIYANAGE HARDWARE ,,,,,,,,,
4843,7/10/2023,103050,286,NEW LIGHT ELECTRICALS,,,,,,,,,
4685,6/5/2023,24000,25,LIYANAGE HARDWARE ,,,,,,,,,
4877,7/12/2023,195150,286,NEW LIGHT ELECTRICALS,,,,,,,,,
4928,7/25/2023,261525,286,NEW LIGHT ELECTRICALS,,,,,,,,,
4987,8/7/2023,171600,286,NEW LIGHT ELECTRICALS,,,,,,,,,
5095,8/28/2024,139725,286,NEW LIGHT ELECTRICALS,,,,,,,,,
5228,9/25/2023,207900,286,NEW LIGHT ELECTRICALS,,,,,,,,,
5312,10/5/2023,174750,286,NEW LIGHT ELECTRICALS,,,,,,,,,
5324,10/9/2023,129375,286,NEW LIGHT ELECTRICALS,,,,,,,,,
4805,6/30/2023,557010,16,HESHALI ELECTRICALS,,,,,,,,,
5412,10/24/2023,113100,286,NEW LIGHT ELECTRICALS,,,,,,,,,
4228,12/29/2022,81112.5,12,GAMAGE ELECTRICALS ,,,,,,,,,
5489,11/7/2023,34740,286,NEW LIGHT ELECTRICALS,,,,,,,,,
5548,11/23/2023,134475,286,NEW LIGHT ELECTRICALS,,,,,,,,,
4459,3/20/2023,10462.5,12,GAMAGE ELECTRICALS ,,,,,,,,,
5559,11/28/2023,126450,286,NEW LIGHT ELECTRICALS,,,,,,,,,
4473,3/22/2023,7687.5,12,GAMAGE ELECTRICALS ,,,,,,,,,
4549,4/10/2023,65940,390,M/S. F.N.S.ELECTRICALS.,,,,,,,,,
4609,5/10/2023,48000,390,M/S. F.N.S.ELECTRICALS.,,,,,,,,,
4502,3/28/2023,143512.5,299,WAYAMBA ELECTRICALS ,,,,,,,,,
4329,2/2/2023,108600,41,PATHUM HARDWARE,,,,,,,,,
4523,3/31/2023,138780,299,WAYAMBA ELECTRICALS ,,,,,,,,,
4355,2/10/2023,189900,41,PATHUM HARDWARE,,,,,,,,,
4607,5/10/2023,67050,299,WAYAMBA ELECTRICALS ,,,,,,,,,
4356,2/10/2023,24000,41,PATHUM HARDWARE,,,,,,,,,
4367,2/15/2023,11250,41,PATHUM HARDWARE,,,,,,,,,
4625,5/17/2023,5175,299,WAYAMBA ELECTRICALS ,,,,,,,,,
4524,3/31/2023,609255,41,PATHUM HARDWARE,,,,,,,,,
4975,7/31/2023,134962.5,299,WAYAMBA ELECTRICALS ,,,,,,,,,
5161,9/11/2023,120000,41,PATHUM HARDWARE,,,,,,,,,
5118,8/31/2023,90915,299,WAYAMBA ELECTRICALS ,,,,,,,,,
5419,10/25/2023,162000,41,PATHUM HARDWARE,,,,,,,,,
4648,5/26/2023,88537.5,390,M/S. F.N.S.ELECTRICALS.,,,,,,,,,
5453,10/31/2023,237435,41,PATHUM HARDWARE,,,,,,,,,
4649,5/26/2023,60000,390,M/S. F.N.S.ELECTRICALS.,,,,,,,,,
,,,,,,,,,,,,,
3734,5/31/2022,204915,59,WICKRAMA ELECTRICALS,,,,,,,,,
5278,9/30/2023,55635,59,WICKRAMA ELECTRICALS,,,,,,,,,
4765,6/23/2023,7350,390,M/S. F.N.S.ELECTRICALS.,,,,,,,,,
4767,6/23/2023,33765,2,M/S. F.N.S.ELECTRICALS.,,,,,,,,,
4671,5/31/2023,586650,288,NIPPON ELECTRICALS ,,,,,,,,,
4699,6/8/2023,35760,288,NIPPON ELECTRICALS ,,,,,,,,,
4768,6/23/2023,81000,390,M/S. F.N.S.ELECTRICALS.,,,,,,,,,
,,,,,,,,,,,,,
,,,,,,,,,,,,,
4787,6/28/2023,26010,288,NIPPON ELECTRICALS ,,,,,,,,,
4880,7/17/2023,13875,288,NIPPON ELECTRICALS ,,,,,,,,,
5254,9/30/2023,174750,288,NIPPON ELECTRICALS ,,,,,,,,,
,,,,,,,,,,,,,
4832,7/10/2023,62730,390,M/S. F.N.S.ELECTRICALS.,,,,,,,,,
4960,7/31/2023,27000,390,M/S. F.N.S.ELECTRICALS.,,,,,,,,,
,,,,,,,,,,,,,
5034,8/15/2023,84975,390,M/S. F.N.S.ELECTRICALS.,,,,,,,,,
5233,9/25/2023,32850,390,M/S. F.N.S.ELECTRICALS.,,,,,,,,,
5398,10/23/2023,452953,390,M/S. F.N.S.ELECTRICALS.,,,,,,,,,
5506,11/15/2023,26482.5,390,M/S. F.N.S.ELECTRICALS.,,,,,,,,,
5593,12/5/2023,277980,390,M/S. F.N.S.ELECTRICALS.,,,,,,,,,
5710,12/28/2023,304725,390,M/S. F.N.S.ELECTRICALS.,,,,,,,,,
4598,8/5/2023,110625,389,M/S. BEEMA GRAND CERAMIC.,,,,,,,,,
,,,,,,,,,,,,,
4704,6/12/2023,41490,389,M/S. BEEMA GRAND CERAMIC.,,,,,,,,,
,,,,,,,,,,,,,
4803,6/30/2023,30885,389,M/S. BEEMA GRAND CERAMIC.,,,,,,,,,
5011,8/11/2023,32775,389,M/S. BEEMA GRAND CERAMIC.,,,,,,,,,
5016,8/14/2023,19080,389,M/S. BEEMA GRAND CERAMIC.,,,,,,,,,
5101,8/28/2023,31455,389,M/S. BEEMA GRAND CERAMIC.,,,,,,,,,
5542,11/22/2023,118275,389,M/S. BEEMA GRAND CERAMIC.,,,,,,,,,
4703,6/12/2023,139800,328,S R T M MARKETING,,,,,,,,,
5288,9/30/2023,174750,288,NIPPON ELECTRICALS ,,,,,,,,,
4809,5/7/2023,98955,328,S R T M MARKETING,,,,,,,,,
5340,10/10/2023,137700,288,NIPPON ELECTRICALS ,,,,,,,,,
4678,6/1/2023,0,259,KASTHURIARACHCHI ELECTRICALS,,,,,,,,,
4764,6/23/2023,19470,259,KASTHURIARACHCHI ELECTRICALS,,,,,,,,,
4590,5/3/2023,57840,254,HARRY TRADING ,,,,,,,,,
5492,11/7/2023,18015,288,NIPPON ELECTRICALS ,,,,,,,,,
5529,11/20/2023,122085,288,NIPPON ELECTRICALS ,,,,,,,,,
4631,5/18/2023,88725,254,HARRY TRADING ,,,,,,,,,
5580,12/4/2023,353475,288,NIPPON ELECTRICALS ,,,,,,,,,
5707,12/28/2023,245250,288,NIPPON ELECTRICALS ,,,,,,,,,
4634,5/19/2023,33825,254,HARRY TRADING ,,,,,,,,,
4006,10/7/2022,371520,292,PRIYA STORES,,,,,,,,,
4398,2/27/2023,13950,292,PRIYA STORES,,,,,,,,,
2832,8/6/2021,15180,53,THARINDU ELECTRICALS,,,,,,,,,
4539,4/7/2023,34950,292,PRIYA STORES,,,,,,,,,
4596,5/8/2023,221685,292,PRIYA STORES,,,,,,,,,
4776,6/27/2023,24330,53,THARINDU ELECTRICALS,,,,,,,,,
4640,5/22/2023,9450,254,HARRY TRADING ,,,,,,,,,
4962,7/31/2023,101700,292,PRIYA STORES,,,,,,,,,
4777,6/27/2023,75562.5,53,THARINDU ELECTRICALS,,,,,,,,,
5540,11/21/2023,7957.5,292,PRIYA STORES,,,,,,,,,
4617,5/15/2023,407820,357,DILEENA ELECTRICALS,,,,,,,,,
4683,6/2/2023,18652.5,254,HARRY TRADING ,,,,,,,,,
4733,6/19/2023,6682.5,254,HARRY TRADING ,,,,,,,,,
4754,6/21/2023,2685,254,HARRY TRADING ,,,,,,,,,
4374,2/16/2023,58492.5,395,M/S. VICTORINES ELECTRICALS,,,,,,,,,
5223,9/21/2023,101940,396,YOUNUS ELECTRICALS,,,,,,,,,
5301,10/4/2023,34950,396,YOUNUS ELECTRICALS,,,,,,,,,
4465,3/21/2023,150142.5,395,M/S. VICTORINES ELECTRICALS,,,,,,,,,
4475,3/22/2023,8100,395,M/S. VICTORINES ELECTRICALS,,,,,,,,,
5262,9/30/2023,35760,395,M/S. VICTORINES ELECTRICALS,,,,,,,,,
5000,8/9/2023,22320,254,HARRY TRADING ,,,,,,,,,
5573,11/30/2023,67845,395,M/S. VICTORINES ELECTRICALS,,,,,,,,,
4681,6/5/2023,233655,290,OXFORD ELECTRICALS,,,,,,,,,
5610,12/7/2024,44700,395,M/S. VICTORINES ELECTRICALS,,,,,,,,,
5003,8/9/2023,120000,290,OXFORD ELECTRICALS,,,,,,,,,
5687,12/2/2023,11025,254,HARRY TRADING ,,,,,,,,,
5164,9/8/2023,53430,290,OXFORD ELECTRICALS,,,,,,,,,
5631,12/14/2023,171710,395,M/S. VICTORINES ELECTRICALS,,,,,,,,,
5165,9/8/2023,12345,290,OXFORD ELECTRICALS,,,,,,,,,
5673,12/21/2023,174105,395,M/S. VICTORINES ELECTRICALS,,,,,,,,,
5307,10/5/2023,34950,290,OXFORD ELECTRICALS,,,,,,,,,
5723,12/29/2023,197910,395,M/S. VICTORINES ELECTRICALS,,,,,,,,,
5549,11/23/2023,135150,290,OXFORD ELECTRICALS,,,,,,,,,
5006,8/10/2023,29565,266,NIMSARA ELECTRICALS,,,,,,,,,
4000,10/5/2022,221527.5,297,SMART HOMES & ELECTRICALS,,,,,,,,,
4036,10/18/2022,246975,297,SMART HOMES & ELECTRICALS,,,,,,,,,
4445,3/14/2023,36315,398,M/S. U.K ELECTRICALS & LIGHTING,,,,,,,,,
5463,10/31/2023,379515,398,M/S. U.K ELECTRICALS & LIGHTING,,,,,,,,,
4128,11/22/2022,43425,297,SMART HOMES & ELECTRICALS,,,,,,,,,
4171,12/6/2022,23400,297,SMART HOMES & ELECTRICALS,,,,,,,,,
3627,3/31/2022,164000,255,HASEENA TRADERS,,,,,,,,,
4738,6/19/2023,53032.5,215,NEW CITY HARDWARE ,,,,,,,,,
4172,12/6/2022,64875,297,SMART HOMES & ELECTRICALS,,,,,,,,,
4741,6/19/2023,43195,215,NEW CITY HARDWARE ,,,,,,,,,
2171,12/8/2022,80250,297,SMART HOMES & ELECTRICALS,,,,,,,,,
3699,5/17/2022,21675,255,HASEENA TRADERS,,,,,,,,,
4821,7/8/2023,1395,215,NEW CITY HARDWARE ,,,,,,,,,
4325,2/2/2023,187830,297,SMART HOMES & ELECTRICALS,,,,,,,,,
4830,7/10/2023,32377.5,215,NEW CITY HARDWARE ,,,,,,,,,
4508,3/30/2023,190665,297,SMART HOMES & ELECTRICALS,,,,,,,,,
4917,7/24/2023,2092.5,215,NEW CITY HARDWARE ,,,,,,,,,
4301,1/25/2023,13552.5,255,HASEENA TRADERS,,,,,,,,,
4525,3/31/2023,96540,297,SMART HOMES & ELECTRICALS,,,,,,,,,
4966,7/31/2023,16087.5,215,NEW CITY HARDWARE ,,,,,,,,,
4601,5/8/2023,91035,297,SMART HOMES & ELECTRICALS,,,,,,,,,
4979,8/3/2023,9322.5,215,NEW CITY HARDWARE ,,,,,,,,,
4719,6/14/2023,120525,297,SMART HOMES & ELECTRICALS,,,,,,,,,
5046,8/17/2023,5475,215,NEW CITY HARDWARE ,,,,,,,,,
5050,8/18/2023,5745,215,NEW CITY HARDWARE ,,,,,,,,,
4728,6/16/2023,10620,297,SMART HOMES & ELECTRICALS,,,,,,,,,
5264,9/30/2023,36832.5,215,NEW CITY HARDWARE ,,,,,,,,,
4816,7/6/2023,125625,297,SMART HOMES & ELECTRICALS,,,,,,,,,
5585,12/4/2023,8332.5,215,NEW CITY HARDWARE ,,,,,,,,,
4888,7/18/2023,68325,297,SMART HOMES & ELECTRICALS,,,,,,,,,
5590,12/5/2023,61027.5,215,NEW CITY HARDWARE ,,,,,,,,,
4977,8/3/2023,109927.5,297,SMART HOMES & ELECTRICALS,,,,,,,,,
5682,12/22/2023,10972.5,215,NEW CITY HARDWARE ,,,,,,,,,
5203,9/19/2023,57675,297,SMART HOMES & ELECTRICALS,,,,,,,,,
5666,12/20/2023,387825,297,SMART HOMES & ELECTRICALS,,,,,,,,,
4358,2/13/2023,17250,255,HASEENA TRADERS,,,,,,,,,
5313,10/5/2023,104850,391,"M/S. STAR ELECTRICALS,",,,,,,,,,
4793,6/29/2023,207300,399,"M/S. SANJEEWA ENTERPRISES,",,,,,,,,,
5279,9/30/2023,559050,399,"M/S. SANJEEWA ENTERPRISES,",,,,,,,,,
4317,1/31/2023,8400,318,NEW CITY ELECTRICALS,,,,,,,,,
5472,10/31/2023,335250,399,"M/S. SANJEEWA ENTERPRISES,",,,,,,,,,
4566,4/26/2023,68550,318,NEW CITY ELECTRICALS,,,,,,,,,
5162,9/11/2023,358500,255,HASEENA TRADERS,,,,,,,,,
4588,5/3/2023,25252.5,318,NEW CITY ELECTRICALS,,,,,,,,,
4738,6/19/2023,18615,400,M/S. TOKYO TRADING,,,,,,,,,
4636,5/22/2023,39030,318,NEW CITY ELECTRICALS,,,,,,,,,
4785,6/27/2023,33652.5,400,M/S. TOKYO TRADING,,,,,,,,,
4790,6/28/2023,86677.5,400,M/S. TOKYO TRADING,,,,,,,,,
4652,5/26/2023,39960,318,NEW CITY ELECTRICALS,,,,,,,,,
4823,7/7/2023,51720,400,M/S. TOKYO TRADING,,,,,,,,,
5026,8/15/2023,68107.5,318,NEW CITY ELECTRICALS,,,,,,,,,
5397,10/23/2023,160500,391,"M/S. STAR ELECTRICALS,",,,,,,,,,
5062,8/22/2023,33000,318,NEW CITY ELECTRICALS,,,,,,,,,
4913,7/24/2023,56632.5,400,M/S. TOKYO TRADING,,,,,,,,,
5368,10/16/2023,77595,318,NEW CITY ELECTRICALS,,,,,,,,,
4919,7/25/2023,19702.5,400,M/S. TOKYO TRADING,,,,,,,,,
5686,12/22/2023,460050,391,"M/S. STAR ELECTRICALS,",,,,,,,,,
5564,11/29/2023,73080,318,NEW CITY ELECTRICALS,,,,,,,,,
4934,7/25/2023,73005,400,M/S. TOKYO TRADING,,,,,,,,,
5697,12/27/2023,83700,391,"M/S. STAR ELECTRICALS,",,,,,,,,,
4943,7/26/2023,16882.5,400,M/S. TOKYO TRADING,,,,,,,,,
3711,5/24/2022,80730,291,OMEGA ELECTRICALS,,,,,,,,,
4948,7/27/2023,5445,400,M/S. TOKYO TRADING,,,,,,,,,
5280,9/30/2023,87375,255,HASEENA TRADERS,,,,,,,,,
3713,5/26/2022,46320,291,OMEGA ELECTRICALS,,,,,,,,,
4965,7/31/2023,2700,400,M/S. TOKYO TRADING,,,,,,,,,
3978,9/27/2022,15862.5,291,OMEGA ELECTRICALS,,,,,,,,,
4824,7/7/2023,41850,392,"M/S. POLONNARUWA HARDWARE,",,,,,,,,,
5017,8/14/2023,9457.5,400,M/S. TOKYO TRADING,,,,,,,,,
5056,8/21/2023,20625,400,M/S. TOKYO TRADING,,,,,,,,,
5107,8/29/2023,3772.5,400,M/S. TOKYO TRADING,,,,,,,,,
,,,,,,,,,,,,,
5121,8/31/2023,40912.5,400,M/S. TOKYO TRADING,,,,,,,,,
4829,7/10/2023,323335,372,M/S.LANKA LIGHTS,,,,,,,,,
4670,5/31/2023,157080,245,AFSHAN ELECTRICALS ,,,,,,,,,
,,,,,,,,,,,,,
5124,8/31/2023,2827.5,400,M/S. TOKYO TRADING,,,,,,,,,
4853,7/7/2023,36450,392,"M/S. POLONNARUWA HARDWARE,",,,,,,,,,
5141,9/5/2023,153540,400,M/S. TOKYO TRADING,,,,,,,,,
4959,7/31/2023,168000,392,"M/S. POLONNARUWA HARDWARE,",,,,,,,,,
5153,9/8/2023,3960,400,M/S. TOKYO TRADING,,,,,,,,,
5189,9/15/2023,41850,400,M/S. TOKYO TRADING,,,,,,,,,
5315,10/5/2023,174750,392,"M/S. POLONNARUWA HARDWARE,",,,,,,,,,
5210,9/19/2023,50077.5,400,M/S. TOKYO TRADING,,,,,,,,,
5138,9/5/2023,30075,393,"M/S. SUN  ELECTRICALS,",,,,,,,,,
5216,9/20/2023,54180,400,M/S. TOKYO TRADING,,,,,,,,,
5224,9/22/2023,18285,400,M/S. TOKYO TRADING,,,,,,,,,
4562,4/24/2023,28860,162,SUPER ELECTRICALS - HIGURAKGODA,,,,,,,,,
5248,9/27/2023,9870,400,M/S. TOKYO TRADING,,,,,,,,,
4736,6/19/2023,72960,245,AFSHAN ELECTRICALS ,,,,,,,,,
5263,9/30/2024,65707.5,400,M/S. TOKYO TRADING,,,,,,,,,
invoice,11/11/2019,68600,152,RAJAPAKSHA HARDWARE,,,,,,,,,
5266,9/30/2023,185310,400,M/S. TOKYO TRADING,,,,,,,,,
invoice,1/22/2020,19145,152,RAJAPAKSHA HARDWARE,,,,,,,,,
5267,9/30/2023,545205,400,M/S. TOKYO TRADING,,,,,,,,,
4818,7/6/2023,69480,245,AFSHAN ELECTRICALS ,,,,,,,,,
5298,10/4/2023,237750,400,M/S. TOKYO TRADING,,,,,,,,,
invoice,2/19/2020,13440,152,RAJAPAKSHA HARDWARE,,,,,,,,,
5391,10/19/2023,16800,400,M/S. TOKYO TRADING,,,,,,,,,
2219,7/13/2020,80850,152,RAJAPAKSHA HARDWARE,,,,,,,,,
5442,10/31/2023,243885,400,M/S. TOKYO TRADING,,,,,,,,,
2329,12/12/2020,26880,152,RAJAPAKSHA HARDWARE,,,,,,,,,
5562,11/28/2023,130140,400,M/S. TOKYO TRADING,,,,,,,,,
5583,12/4/2023,154575,400,M/S. TOKYO TRADING,,,,,,,,,
2394,3/16/2021,64400,152,RAJAPAKSHA HARDWARE,,,,,,,,,
5677,12/21/2023,66450,400,M/S. TOKYO TRADING,,,,,,,,,
5029,8/15/2023,36000,245,AFSHAN ELECTRICALS ,,,,,,,,,
5729,12/29/2023,407385,400,M/S. TOKYO TRADING,,,,,,,,,
2474,4/8/2021,96110,152,RAJAPAKSHA HARDWARE,,,,,,,,,
5730,12/29/2023,171975,400,M/S. TOKYO TRADING,,,,,,,,,
2513,4/27/2021,48790,152,RAJAPAKSHA HARDWARE,,,,,,,,,
,,,,,,,,,,,,,
2673,7/5/2021,53362.5,152,RAJAPAKSHA HARDWARE,,,,,,,,,
2977,10/12/2021,164760,152,RAJAPAKSHA HARDWARE,,,,,,,,,
4923,7/25/2023,7185,401,"M/S. DILAKSHA ELECTRICALS POWER TOOLS,",,,,,,,,,
4952,7/27/2023,35137.5,402,M/S. ANURA ENTERPRISES,,,,,,,,,
5172,9/13/2023,24360,403,M/S. WESTERN P.C & HARDWARE,,,,,,,,,
1394,6/6/2020,80500,157,SHASHEE ELECTRICALS ,,,,,,,,,
1393,6/6/2020,32200,157,SHASHEE ELECTRICALS ,,,,,,,,,
5173,9/13/2023,297457.5,404,M/S. SUDILA ELECTRICALS,,,,,,,,,
2205,6/17/2020,96600,157,SHASHEE ELECTRICALS ,,,,,,,,,
5194,9/18/2023,0,404,M/S. SUDILA ELECTRICALS,,,,,,,,,
2204,6/17/2020,15044,157,SHASHEE ELECTRICALS ,,,,,,,,,
5225,9/22/2023,10380,405,M/S. GALLE ELECTRICALS COMPANY,,,,,,,,,
2203,6/17/2020,19120,157,SHASHEE ELECTRICALS ,,,,,,,,,
2202,6/17/2020,64400,157,SHASHEE ELECTRICALS ,,,,,,,,,
2232,8/15/2020,51152,157,SHASHEE ELECTRICALS ,,,,,,,,,
5114,8/31/2023,13950,245,AFSHAN ELECTRICALS ,,,,,,,,,
2245,8/28/2020,416,157,SHASHEE ELECTRICALS ,,,,,,,,,
2265,10/9/2020,808,157,SHASHEE ELECTRICALS ,,,,,,,,,
5369,10/17/2023,576337.5,406,M/S. RATHNAYAKE ELECTRICALS,,,,,,,,,
2274,10/13/2020,707,157,SHASHEE ELECTRICALS ,,,,,,,,,
5232,9/25/2023,49650,245,AFSHAN ELECTRICALS ,,,,,,,,,
879,11/19/2020,87500,157,SHASHEE ELECTRICALS ,,,,,,,,,
5439,10/30/2023,57675,407,M/S. CHAM LANKA  ELECTRICALS,,,,,,,,,
2345,1/5/2021,18924,157,SHASHEE ELECTRICALS ,,,,,,,,,
5440,10/30/2023,16635,375,M/S.LIGHTING TOKYO,,,,,,,,,
5531,11/21/2023,63052.5,375,M/S.LIGHTING TOKYO,,,,,,,,,++
2359,1/13/2021,58992.5,157,SHASHEE ELECTRICALS ,,,,,,,,,
2370,1/21/2021,1365,157,SHASHEE ELECTRICALS ,,,,,,,,,
2371,1/22/2021,910,157,SHASHEE ELECTRICALS ,,,,,,,,,
2379,2/9/2021,104650,157,SHASHEE ELECTRICALS ,,,,,,,,,
3132,11/22/2021,94110,157,SHASHEE ELECTRICALS ,,,,,,,,,
3136,11/24/2021,510,157,SHASHEE ELECTRICALS ,,,,,,,,,
3346,1/25/2022,5790,157,SHASHEE ELECTRICALS ,,,,,,,,,
3365,1/27/2022,19440,157,SHASHEE ELECTRICALS ,,,,,,,,,
3367,1/28/2022,4755,157,SHASHEE ELECTRICALS ,,,,,,,,,
,,,,,,,,,,,,,
3961,9/23/2022,14025,250,C.R.M. HARDWARE ,,,,,,,,,
2781,7/26/2021,41962.5,258,JAYASEKARA STORES,,,,,,,,,
5244,9/26/2023,18300,258,JAYASEKARA STORES,,,,,,,,,
5591,12/5/2023,10350,258,JAYASEKARA STORES,,,,,,,,,
4359,2/13/2023,40575,248,ANGEL ELECTRICALS ,,,,,,,,,
5202,9/9/2023,72000,248,ANGEL ELECTRICALS ,,,,,,,,,
5675,12/22/2023,108262.5,248,ANGEL ELECTRICALS ,,,,,,,,,
4533,4/6/2023,168622.5,271,SANDALANKA HARDWARE & SHOP,,,,,,,,,
4287,1/20/2023,80700,256,ISURU LIGHTING,,,,,,,,,
3925,9/14/2022,32512.5,323,SITHTHAN HARDWARE,,,,,,,,,
4039,10/19/2022,58552.5,323,SITHTHAN HARDWARE,,,,,,,,,
3981,9/28/2022,101497.5,333,HILROON OIL SHOP,,,,,,,,,
4012,10/10/2022,34950,333,HILROON OIL SHOP,,,,,,,,,
4185,12/13/2022,59700,333,HILROON OIL SHOP,,,,,,,,,
5393,10/20/2023,31425,333,HILROON OIL SHOP,,,,,,,,,
4627,5/17/2023,8940,273,US POWER ZONE ,,,,,,,,,
5628,12/13/2023,102930,408,M/S. NEW S.S. CERAMIC & HARDWARE,,,,,,,,,
5447,10/31/2023,24000,409,M/S. KANOOS ELECTRICALS,,,,,,,,,
5521,11/16/2023,40500,409,M/S. KANOOS ELECTRICALS,,,,,,,,,
5386,10/19/2023,72000,410,M/S. M.T.V. TRADERS,,,,,,,,,
5338,10/10/2023,28800,411,M/S. SRI RANGA HARDWARE,,,,,,,,,
5296,9/30/2023,602175,118,CITY ELECTRICALS - TRINCO,,,,,,,,,
5396,10/23/2023,283837.5,118,CITY ELECTRICALS - TRINCO,,,,,,,,,
5452,10/31/2023,48150,118,CITY ELECTRICALS - TRINCO,,,,,,,,,
5496,11/9/2023,147225,118,CITY ELECTRICALS - TRINCO,,,,,,,,,
5527,11/17/2023,20587.5,118,CITY ELECTRICALS - TRINCO,,,,,,,,,
5558,11/27/2023,147150,118,CITY ELECTRICALS - TRINCO,,,,,,,,,
5561,11/30/2023,116887.5,118,CITY ELECTRICALS - TRINCO,,,,,,,,,
5588,12/5/2023,63570,118,CITY ELECTRICALS - TRINCO,,,,,,,,,
5670,12/12/2023,178425,118,CITY ELECTRICALS - TRINCO,,,,,,,,,
5695,12/27/2023,48600,118,CITY ELECTRICALS - TRINCO,,,,,,,,,
5703,12/28/2023,132150,118,CITY ELECTRICALS - TRINCO,,,,,,,,,
5718,12/29/2023,47572.5,118,CITY ELECTRICALS - TRINCO,,,,,,,,,
5732,12/29/2023,726412.5,118,CITY ELECTRICALS - TRINCO,,,,,,,,,
5219,9/21/2023,172575,413,M/S. M.T.P.  HARDWARE,,,,,,,,,
5207,9/19/2023,240750,123,GOLDEN HARDWARE - TRINCO,,,,,,,,,
5205,9/19/2023,436852.5,414,M/S. JAI HANUMAN,,,,,,,,,
5237,9/26/2023,120750,414,M/S. JAI HANUMAN,,,,,,,,,
5285,9/30/2023,102300,414,M/S. JAI HANUMAN,,,,,,,,,
5671,12/22/2023,155100,414,M/S. JAI HANUMAN,,,,,,,,,
5156,9/8/2023,13950,415,M/S. STAR TRADING,,,,,,,,,
5443,10/31/2023,27600,415,M/S. STAR TRADING,,,,,,,,,
5144,9/5/2023,16800,416,"M/S. VITHANAGE HARDWARE,",,,,,,,,,
5133,9/4/2023,39967.5,417,"M/S. HIGHLAND TRADERS,",,,,,,,,,
5474,10/31/2023,170550,417,"M/S. HIGHLAND TRADERS,",,,,,,,,,
5541,11/21/2023,12000,417,"M/S. HIGHLAND TRADERS,",,,,,,,,,
5129,8/31/2023,61080,418,"M/S. KANDURATA GOVI SEVA,",,,,,,,,,
4972,7/31/2023,13500,419,"M/S. JAYAMALI HARDWARE,",,,,,,,,,
4894,7/19/2023,16800,273,US POWER ZONE ,,,,,,,,,
5004,8/9/2023,16800,273,US POWER ZONE ,,,,,,,,,
5134,9/4/2023,13950,273,US POWER ZONE ,,,,,,,,,
5208,9/19/2023,57270,273,US POWER ZONE ,,,,,,,,,
5243,9/26/2023,54900,273,US POWER ZONE ,,,,,,,,,
5417,10/25/2023,69345,273,US POWER ZONE ,,,,,,,,,
5445,10/31/2023,38250,273,US POWER ZONE ,,,,,,,,,
5501,11/10/2023,42367.5,273,US POWER ZONE ,,,,,,,,,
5592,12/5/2023,37575,273,US POWER ZONE ,,,,,,,,,
5597,12/11/2023,27900,273,US POWER ZONE ,,,,,,,,,
5624,12/13/2023,51765,273,US POWER ZONE ,,,,,,,,,
5638,12/15/2023,77475,273,US POWER ZONE ,,,,,,,,,
5648,12/18/2023,4350,273,US POWER ZONE ,,,,,,,,,
5654,12/19/2023,42450,273,US POWER ZONE ,,,,,,,,,
5672,12/22/2023,56520,273,US POWER ZONE ,,,,,,,,,
5183,9/13/2023,114742.5,350,RIO TRADING LANKA (PVT) LTD,,,,,,,,,
5075,8/23/2023,428475,393,"M/S. SUN  ELECTRICALS,",,,,,,,,,
5098,8/31/2023,85515,393,"M/S. SUN  ELECTRICALS,",,,,,,,,,
5163,9/11/2023,20250,393,"M/S. SUN  ELECTRICALS,",,,,,,,,,
5197,9/15/2023,32100,393,"M/S. SUN  ELECTRICALS,",,,,,,,,,
5222,9/21/2023,72930,393,"M/S. SUN  ELECTRICALS,",,,,,,,,,
5328,10/9/2023,106050,393,"M/S. SUN  ELECTRICALS,",,,,,,,,,
,,,,,,,,,,,,,
5488,11/6/2023,48150,393,"M/S. SUN  ELECTRICALS,",,,,,,,,,
5522,11/16/2023,459525,393,"M/S. SUN  ELECTRICALS,",,,,,,,,,
5545,11/22/2023,69375,393,"M/S. SUN  ELECTRICALS,",,,,,,,,,
5557,11/24/2023,167025,393,"M/S. SUN  ELECTRICALS,",,,,,,,,,
5614,12/11/2023,274425,393,"M/S. SUN  ELECTRICALS,",,,,,,,,,
5642,12/15/2023,154425,393,"M/S. SUN  ELECTRICALS,",,,,,,,,,
5649,12/18/2023,131025,393,"M/S. SUN  ELECTRICALS,",,,,,,,,,
5681,12/22/2023,17475,393,"M/S. SUN  ELECTRICALS,",,,,,,,,,
4206,12/21/2023,135210,353,LUCKY HARDWARE ,,,,,,,,,
4209,12/22/2023,10777.5,362,V.M.K. BROTHERS,,,,,,,,,
4309,1/30/2023,247845,370,COLOMBO ELECTRICAL AND ELECTRONICS,,,,,,,,,
5353,10/12/2023,12150,370,COLOMBO ELECTRICAL AND ELECTRONICS,,,,,,,,,
4895,7/19/2023,913725,64,CENTRAL HARDWARE,,,,,,,,,
5084,8/25/2023,18750,64,CENTRAL HARDWARE,,,,,,,,,
5188,9/15/2023,12375,64,CENTRAL HARDWARE,,,,,,,,,
5234,9/25/2023,24000,64,CENTRAL HARDWARE,,,,,,,,,
5355,10/12/2023,125325,64,CENTRAL HARDWARE,,,,,,,,,
5551,11/24/2023,79110,64,CENTRAL HARDWARE,,,,,,,,,
4973,7/31/2023,229897.5,420,ALTAS ENTERPRICES ,,,,,,,,,
5528,11/20/2023,250147.5,420,ALTAS ENTERPRICES ,,,,,,,,,
5576,11/30/2023,14160,420,ALTAS ENTERPRICES ,,,,,,,,,
5635,12/15/2023,30375,4,ALTAS ENTERPRICES ,,,,,,,,,
5550,11/23/2023,16770,421,SRI LAXMI HARDWARE - RAGALA,,,,,,,,,
5547,11/23/2023,35085,421,SRI LAXMI HARDWARE - RAGALA,,,,,,,,,
5629,12/12/2023,25335,421,SRI LAXMI HARDWARE - RAGALA,,,,,,,,,
5696,12/27/2023,42622.5,421,SRI LAXMI HARDWARE - RAGALA,,,,,,,,,
4958,7/31/2023,54525,422,SRI LAXMI HARDWARE - DAYAGAMA,,,,,,,,,
5622,12/12/2023,67072.5,422,SRI LAXMI HARDWARE - DAYAGAMA,,,,,,,,,
4891,7/19/2023,43177.5,423,NATHERSA HARDWARE,,,,,,,,,
4971,7/31/2023,27900,423,NATHERSA HARDWARE,,,,,,,,,
4889,7/19/2023,28260,424,ARUN TRADERS,,,,,,,,,
5351,10/12/2023,10755,424,ARUN TRADERS,,,,,,,,,
4886,7/18/2023,139470,425,VIGNESHWARA COLOR BANK,,,,,,,,,
5471,10/31/2023,16050,425,VIGNESHWARA COLOR BANK,,,,,,,,,
4925,7/25/2023,20212.5,426,KARAVITA HARDWARE,,,,,,,,,
5021,8/14/2023,12000,428,NAWALOKA HARDWARE,,,,,,,,,
4924,7/25/2023,26820,429,KODITHUWAKKU HARDWARE,,,,,,,,,
5074,8/23/2023,563010,430,ANSONS PRIVERTS LTD,,,,,,,,,
5154,8/9/2023,67200,430,ANSONS PRIVERTS LTD,,,,,,,,,
5421,10/26/2023,723765,430,ANSONS PRIVERTS LTD,,,,,,,,,
5420,10/26/2023,48000,430,ANSONS PRIVERTS LTD,,,,,,,,,
5434,10/30/2023,26325,430,ANSONS PRIVERTS LTD,,,,,,,,,
5457,8/31/2023,52650,430,ANSONS PRIVERTS LTD,,,,,,,,,
5511,11/15/2023,157350,430,ANSONS PRIVERTS LTD,,,,,,,,,
4041,10/19/2022,65445,431,LSS,,,,,,,,,
,,,,,,,,,,,,,
5113,8/31/2023,23175,432,WOOTAN,,,,,,,,,
5195,8/15/2023,121650,433,LENUJIAN STORES,,,,,,,,,
5383,10/19/2023,2685,433,LENUJIAN STORES,,,,,,,,,
4831,7/10/2023,67350,434,DICKWELLA ELECTRICALS,,,,,,,,,
5002,8/9/2023,41850,434,DICKWELLA ELECTRICALS,,,,,,,,,
5703,12/28/2023,136950,434,DICKWELLA ELECTRICALS,,,,,,,,,
5569,11/30/2023,41850,434,DICKWELLA ELECTRICALS,,,,,,,,,
5351,12/13/2023,10755,424,ARUN TRADERS,,,,,,,,,
4537,4/7/2023,335250,193,KITHSIRI ELECTRICALS,,,,,,,,,
4556,4/21/2023,423000,193,KITHSIRI ELECTRICALS,,,,,,,,,
4931,7/25/2023,120000,193,KITHSIRI ELECTRICALS,,,,,,,,,
5384,10/19/2023,67500,193,KITHSIRI ELECTRICALS,,,,,,,,,
5650,12/18/2023,814350,193,KITHSIRI ELECTRICALS,,,,,,,,,
5674,12/22/2023,139500,193,KITHSIRI ELECTRICALS,,,,,,,,,
5461,10/31/2023,43425,203,MARAWILA ELECTRICALS,,,,,,,,,
3629,3/31/2022,45000,202,MAHAWEWA ELECTRICALS,,,,,,,,,
5335,10/10/2023,24000,202,MAHAWEWA ELECTRICALS,,,,,,,,,
4551,4/20/2023,111600,182,DESHAN TRADE CENTER,,,,,,,,,
4657,5/29/2023,112000,182,DESHAN TRADE CENTER,,,,,,,,,
5070,8/22/2023,120000,182,DESHAN TRADE CENTER,,,,,,,,,
5679,12/22/2023,120000,182,DESHAN TRADE CENTER,,,,,,,,,
4882,7/17/2023,108825,223,ROYAL KEY CENTRE,,,,,,,,,
4662,5/30/2023,150855,214,NEGAMBO SALES CENTER,,,,,,,,,
4644,5/24/2023,13005,171,A.K SHADES ELECTRICALS,,,,,,,,,
4712,6/12/2023,13410,214,NEGAMBO SALES CENTER,,,,,,,,,
4646,5/25/2023,12555,171,A.K SHADES ELECTRICALS,,,,,,,,,
4788,6/28/2023,3870,214,NEGAMBO SALES CENTER,,,,,,,,,
4735,6/19/2023,42600,171,A.K SHADES ELECTRICALS,,,,,,,,,
4810,7/5/2023,90240,214,NEGAMBO SALES CENTER,,,,,,,,,
5132,9/4/2023,17302.5,214,NEGAMBO SALES CENTER,,,,,,,,,
4761,6/21/2023,13500,171,A.K SHADES ELECTRICALS,,,,,,,,,
5299,10/4/2023,40342.5,214,NEGAMBO SALES CENTER,,,,,,,,,
5111,8/31/2023,82785,171,A.K SHADES ELECTRICALS,,,,,,,,,
5479,11/3/2023,11542.5,214,NEGAMBO SALES CENTER,,,,,,,,,
5486,11/6/2023,181425,214,NEGAMBO SALES CENTER,,,,,,,,,
5495,11/8/2023,11025,214,NEGAMBO SALES CENTER,,,,,,,,,
5589,12/5/2023,22350,214,NEGAMBO SALES CENTER,,,,,,,,,
5617,12/11/2023,116062.5,214,NEGAMBO SALES CENTER,,,,,,,,,
5620,12/12/2023,41850,214,NEGAMBO SALES CENTER,,,,,,,,,
4569,4/26/2023,358335,206,MEGA ELECTRICALS - KURUNAGALA,,,,,,,,,
5706,12/28/2023,23085,214,NEGAMBO SALES CENTER,,,,,,,,,
4585,5/2/2023,162480,206,MEGA ELECTRICALS - KURUNAGALA,,,,,,,,,
5733,12/29/2023,404010,214,NEGAMBO SALES CENTER,,,,,,,,,
5320,10/9/2023,835875,206,MEGA ELECTRICALS - KURUNAGALA,,,,,,,,,
5287,9/30/2023,57675,207,MEGA ELECTRICALS-NEGAMBO,,,,,,,,,
5293,9/30/2023,219870,207,MEGA ELECTRICALS-NEGAMBO,,,,,,,,,
5602,12/6/2023,61500,207,MEGA ELECTRICALS-NEGAMBO,,,,,,,,,
4528,3/31/2023,482520,186,F.N. ELECTRICALS - NEGAMBO,,,,,,,,,
4561,4/24/2023,285450,186,F.N. ELECTRICALS - NEGAMBO,,,,,,,,,
4689,6/5/2023,313800,186,F.N. ELECTRICALS - NEGAMBO,,,,,,,,,
4833,7/10/2023,520050,186,F.N. ELECTRICALS - NEGAMBO,,,,,,,,,
5145,9/6/2023,139500,186,F.N. ELECTRICALS - NEGAMBO,,,,,,,,,
5276,9/30/2023,167625,186,F.N. ELECTRICALS - NEGAMBO,,,,,,,,,
5611,12/8/2023,459000,186,F.N. ELECTRICALS - NEGAMBO,,,,,,,,,
5646,12/18/2023,137250,186,F.N. ELECTRICALS - NEGAMBO,,,,,,,,,
5349,10/11/2023,91950,206,MEGA ELECTRICALS - KURUNAGALA,,,,,,,,,
5693,12/28/2023,655357.5,206,MEGA ELECTRICALS - KURUNAGALA,,,,,,,,,
3962,9/23/2022,14932.5,238,THISUM LIGHTING & ELECTRICALS,,,,,,,,,
4266,1/11/2023,7440,238,THISUM LIGHTING & ELECTRICALS,,,,,,,,,
4472,3/21/2023,41025,238,THISUM LIGHTING & ELECTRICALS,,,,,,,,,
5717,12/29/2023,113137.5,238,THISUM LIGHTING & ELECTRICALS,,,,,,,,,
4808,5/7/2023,24000,197,L.G.K LANKA,,,,,,,,,
5277,9/30/2023,57900,194,KOCHCHIKADE ELECTRICALS,,,,,,,,,
5105,8/29/2023,24000,197,L.G.K LANKA,,,,,,,,,
5676,12/21/2023,57900,194,KOCHCHIKADE ELECTRICALS,,,,,,,,,
5725,12/29/2023,78045,194,KOCHCHIKADE ELECTRICALS,,,,,,,,,
4462,3/20/2023,82117.5,196,KUBUKULAWA GLASS CENTER,,,,,,,,,
4834,7/10/2023,35700,196,KUBUKULAWA GLASS CENTER,,,,,,,,,
4780,6/27/2023,56175,229,SAMPATH ELECTRICALS,,,,,,,,,
5407,10/24/2023,64650,229,SAMPATH ELECTRICALS,,,,,,,,,
4795,7/31/2023,150405,228,SAMANPAHUWA STORES - NAGOLLAGODA,,,,,,,,,
4956,7/31/2023,68355,228,SAMANPAHUWA STORES - NAGOLLAGODA,,,,,,,,,
4720,6/14/2023,12000,235,T & E TRADING ,,,,,,,,,
5122,8/31/2023,180165,228,SAMANPAHUWA STORES - NAGOLLAGODA,,,,,,,,,
5272,9/30/2023,87637.5,228,SAMANPAHUWA STORES - NAGOLLAGODA,,,,,,,,,
4725,6/15/2023,12000,235,T & E TRADING ,,,,,,,,,
5465,10/31/2023,459112.5,228,SAMANPAHUWA STORES - NAGOLLAGODA,,,,,,,,,
5035,8/15/2023,12000,235,T & E TRADING ,,,,,,,,,
5265,9/30/2023,87375,187,FOUNDEX ELECTRICALS,,,,,,,,,
5281,9/30/2023,122175,187,FOUNDEX ELECTRICALS,,,,,,,,,
4463,3/20/2023,34380,227,SAMANPAHUWA STORES - BARAMPOLA,,,,,,,,,
4489,3/27/2023,18045,227,SAMANPAHUWA STORES - BARAMPOLA,,,,,,,,,
4538,4/7/2023,109500,232,SUDESH ELECTRICALS ,,,,,,,,,
4553,4/20/2023,846525,232,SUDESH ELECTRICALS ,,,,,,,,,
4594,5/4/2023,24000,227,SAMANPAHUWA STORES - BARAMPOLA,,,,,,,,,
4552,4/21/2023,36577.5,232,SUDESH ELECTRICALS ,,,,,,,,,
4656,5/29/2023,54600,227,SAMANPAHUWA STORES - BARAMPOLA,,,,,,,,,
4616,5/15/2023,154800,232,SUDESH ELECTRICALS ,,,,,,,,,
4626,5/17/2023,69900,232,SUDESH ELECTRICALS ,,,,,,,,,
5329,10/9/2023,12450,227,SAMANPAHUWA STORES - BARAMPOLA,,,,,,,,,
4680,6/2/2023,112000,232,SUDESH ELECTRICALS ,,,,,,,,,
5481,11/6/2023,57945,227,SAMANPAHUWA STORES - BARAMPOLA,,,,,,,,,
4769,6/23/2023,51930,232,SUDESH ELECTRICALS ,,,,,,,,,
4770,6/26/2023,194625,232,SUDESH ELECTRICALS ,,,,,,,,,
4800,6/30/2023,48000,232,SUDESH ELECTRICALS ,,,,,,,,,
4801,6/30/2023,52020,232,SUDESH ELECTRICALS ,,,,,,,,,
4806,6/30/2023,68985,232,SUDESH ELECTRICALS ,,,,,,,,,
5005,8/10/2023,43350,226,S.S MOBILE & ELECTRICALS ,,,,,,,,,
4908,7/21/2023,156120,232,SUDESH ELECTRICALS ,,,,,,,,,
4990,8/7/2023,31455,232,SUDESH ELECTRICALS ,,,,,,,,,
5014,8/11/2023,120000,232,SUDESH ELECTRICALS ,,,,,,,,,
5206,9/19/2023,83775,232,SUDESH ELECTRICALS ,,,,,,,,,
5291,9/30/2023,238020,232,SUDESH ELECTRICALS ,,,,,,,,,
5331,10/9/2024,12150,232,SUDESH ELECTRICALS ,,,,,,,,,
5379,10/18/2023,27892.5,232,SUDESH ELECTRICALS ,,,,,,,,,
5636,12/15/2023,33480,232,SUDESH ELECTRICALS ,,,,,,,,,
4426,3/8/2023,39090,435,NEW COLOMBO HARDWARE,,,,,,,,,
5663,12/20/2023,315000,232,SUDESH ELECTRICALS ,,,,,,,,,
4727,6/16/2023,12900,435,NEW COLOMBO HARDWARE,,,,,,,,,
5688,12/22/2023,192225,232,SUDESH ELECTRICALS ,,,,,,,,,
4921,7/25/2023,12000,240,WAYAMBA HADWARE - DUMMALASURIYA,,,,,,,,,
4531,4/6/2023,13762.5,213,NATHTHANDIYA ELECTRICAL,,,,,,,,,
4592,5/3/2023,26212.5,213,NATHTHANDIYA ELECTRICAL,,,,,,,,,
4922,7/25/2023,47430,240,WAYAMBA HADWARE - DUMMALASURIYA,,,,,,,,,
4612,5/11/2023,16200,213,NATHTHANDIYA ELECTRICAL,,,,,,,,,
4866,7/13/2023,126022.5,213,NATHTHANDIYA ELECTRICAL,,,,,,,,,
5273,9/30/2023,51360,240,WAYAMBA HADWARE - DUMMALASURIYA,,,,,,,,,
4902,7/20/2023,22387.5,213,NATHTHANDIYA ELECTRICAL,,,,,,,,,
5290,9/30/2023,76485,213,NATHTHANDIYA ELECTRICAL,,,,,,,,,
5344,10/11/2023,50400,213,NATHTHANDIYA ELECTRICAL,,,,,,,,,
4511,3/30/2023,112000,221,PRADEEP DISTRIBUTORS ,,,,,,,,,
5462,10/31/2023,5310,213,NATHTHANDIYA ELECTRICAL,,,,,,,,,
4939,7/26/2023,168000,221,PRADEEP DISTRIBUTORS ,,,,,,,,,
5722,12/29/2023,317737.5,213,NATHTHANDIYA ELECTRICAL,,,,,,,,,
4784,6/27/2023,75765,217,NEW FUJI ELECTRICALS,,,,,,,,,
4852,7/12/2023,34425,217,NEW FUJI ELECTRICALS,,,,,,,,,
4884,7/17/2023,10417.5,217,NEW FUJI ELECTRICALS,,,,,,,,,
1308,7/17/2023,31455,217,NEW FUJI ELECTRICALS,,,,,,,,,
4897,7/20/2024,5625,217,NEW FUJI ELECTRICALS,,,,,,,,,
4907,7/21/2023,31455,217,NEW FUJI ELECTRICALS,,,,,,,,,
5181,9/13/2023,24000,217,NEW FUJI ELECTRICALS,,,,,,,,,
5275,9/30/2023,174750,217,NEW FUJI ELECTRICALS,,,,,,,,,
5715,12/29/2023,113887.5,217,NEW FUJI ELECTRICALS,,,,,,,,,
4841,7/10/2023,6000,436,LAXMAN HARDWARE,,,,,,,,,
4842,7/10/2023,8595,436,LAXMAN HARDWARE,,,,,,,,,
4587,5/3/2023,173940,218,NEW ILFRAD TRADE CENTRE,,,,,,,,,
4628,5/17/2023,100537.5,218,NEW ILFRAD TRADE CENTRE,,,,,,,,,
4667,5/31/2023,332265,218,NEW ILFRAD TRADE CENTRE,,,,,,,,,
4782,6/27/2023,555232.5,218,NEW ILFRAD TRADE CENTRE,,,,,,,,,
4961,7/31/2023,502770,218,NEW ILFRAD TRADE CENTRE,,,,,,,,,
4976,7/31/2023,76725,218,NEW ILFRAD TRADE CENTRE,,,,,,,,,
5065,8/22/2023,44475,218,NEW ILFRAD TRADE CENTRE,,,,,,,,,
5117,8/31/2023,512400,218,NEW ILFRAD TRADE CENTRE,,,,,,,,,
5295,9/30/2023,601357.5,218,NEW ILFRAD TRADE CENTRE,,,,,,,,,
5415,10/25/2023,291997.5,218,NEW ILFRAD TRADE CENTRE,,,,,,,,,
5416,8/25/2023,315997.5,218,NEW ILFRAD TRADE CENTRE,,,,,,,,,
5664,12/20/2023,52245,218,NEW ILFRAD TRADE CENTRE,,,,,,,,,
5700,12/27/2023,17100,218,NEW ILFRAD TRADE CENTRE,,,,,,,,,
4840,7/10/2023,55950,219,NIPPON MAHAGEDARA,,,,,,,,,
4909,7/21/2023,22012.5,219,NIPPON MAHAGEDARA,,,,,,,,,
5126,8/31/2023,61860,219,NIPPON MAHAGEDARA,,,,,,,,,
5271,9/30/2023,69900,219,NIPPON MAHAGEDARA,,,,,,,,,
5381,10/18/2023,24525,219,NIPPON MAHAGEDARA,,,,,,,,,
5596,12/6/2023,67500,219,NIPPON MAHAGEDARA,,,,,,,,,
5657,12/19/2023,220837.5,219,NIPPON MAHAGEDARA,,,,,,,,,
5099,8/28/2023,104940,243,WESTERN PLYWOOD,,,,,,,,,
5694,12/27/2023,90495,243,WESTERN PLYWOOD,,,,,,,,,
4963,7/31/2023,660495,176,BRIGHT LIFE,,,,,,,,,
5282,9/30/2023,177490,176,BRIGHT LIFE,,,,,,,,,
4401,2/27/2023,22050,437,SARADHA ELECTRICALS,,,,,,,,,
4760,6/12/2023,9000,437,SARADHA ELECTRICALS,,,,,,,,,
5284,9/30/2023,7200,437,SARADHA ELECTRICALS,,,,,,,,,
4835,7/10/2023,12375,438,DISSANAYAKA HARDWARE,,,,,,,,,
4885,7/17/2023,84547.5,439,GLOBAL HARDWARE,,,,,,,,,
4964,7/31/2023,72000,439,GLOBAL HARDWARE,,,,,,,,,
5112,8/31/2023,517312.5,439,GLOBAL HARDWARE,,,,,,,,,
5128,8/31/2023,101362.5,439,GLOBAL HARDWARE,,,,,,,,,
5238,9/29/2023,111225,439,GLOBAL HARDWARE,,,,,,,,,
5270,9/30/2023,104850,439,GLOBAL HARDWARE,,,,,,,,,
5459,10/31/2023,204525,439,GLOBAL HARDWARE,,,,,,,,,
5110,8/29/2023,51562.5,146,NEW WAYAMBA HARDWARE - MALSIRIPURA,,,,,,,,,
5182,9/13/2023,82830,440,A WIN ELECTRICALS & LIGHTING,,,,,,,,,
5274,9/30/2023,116715,440,A WIN ELECTRICALS & LIGHTING,,,,,,,,,
5184,9/14/2023,61650,441,KADAHAPOLA PICTURE PALACE,,,,,,,,,
5198,9/15/2023,85882.5,442,M.F.H.HARDWARE,,,,,,,,,
5199,9/18/2023,48757.5,443,ATTHAPATTHU HARDWARE,,,,,,,,,
5209,9/19/2023,49282.5,444,KOSWATTHA PICTURE PALACE,,,,,,,,,
5220,9/21/2023,54735,445,CERAMIC LANKA,,,,,,,,,
5283,9/30/2023,17475,174,ASIAN HARDWARE ,,,,,,,,,
4951,7/27/2023,63000,108,ABISHEKA ELECTRICALS,,,,,,,,,
4989,8/7/2023,15390,108,ABISHEKA ELECTRICALS,,,,,,,,,
5247,9/27/2023,83700,108,ABISHEKA ELECTRICALS,,,,,,,,,
5292,9/30/2023,66487.5,108,ABISHEKA ELECTRICALS,,,,,,,,,
5448,10/31/2023,303562.5,108,ABISHEKA ELECTRICALS,,,,,,,,,
5689,12/27/2023,676837.5,108,ABISHEKA ELECTRICALS,,,,,,,,,
4245,1/4/2023,52425,446,JAYANATH ELECTRICALS,,,,,,,,,
5268,9/30/2023,58575,446,JAYANATH ELECTRICALS,,,,,,,,,
5269,9/30/2023,43687.5,446,JAYANATH ELECTRICALS,,,,,,,,,
5294,9/30/2023,85312.5,446,JAYANATH ELECTRICALS,,,,,,,,,
5441,10/30/2024,191587.5,446,JAYANATH ELECTRICALS,,,,,,,,,
5721,12/29/2023,402660,446,JAYANATH ELECTRICALS,,,,,,,,,
2882,8/16/2023,90000,158,SIYABALAPITIYA ELECTRICALS,,,,,,,,,
5404,10/23/2023,24000,150,POWER ELECTRICALS,,,,,,,,,
4114,11/16/2023,690,107,A.H.M HARDWARE ,,,,,,,,,
4377,2/20/2023,28860,107,A.H.M HARDWARE ,,,,,,,,,
4802,6/30/2023,137992.5,107,A.H.M HARDWARE ,,,,,,,,,
4872,7/14/2023,25005,107,A.H.M HARDWARE ,,,,,,,,,
4873,7/14/2023,142042.5,107,A.H.M HARDWARE ,,,,,,,,,
4890,7/19/2023,16582.5,107,A.H.M HARDWARE ,,,,,,,,,
5433,10/30/2023,108435,107,A.H.M HARDWARE ,,,,,,,,,
5726,12/29/2023,50715,107,A.H.M HARDWARE ,,,,,,,,,
5470,10/31/2023,50805,447,SAWSIRI STORES,,,,,,,,,
5704,12/28/2023,50220,447,SAWSIRI STORES,,,,,,,,,
5571,11/30/2023,52327.5,449,LIYANAGE ELECTRICALS,,,,,,,,,
5727,12/29/2023,217507.5,373,M/S.NEW WAYAMBA LIGHTS,,,,,,,,,
4945,7/23/2023,102787.5,450,M/S.SUNDHARSON,,,,,,,,,
5033,8/15/2023,112980,451,M/S.PILLAYAR HARDWARE,,,,,,,,,
5036,8/15/2023,201817.5,452,M/S.S.R. ELECTRICALS,,,,,,,,,
5343,10/11/2023,39015,452,M/S.S.R. ELECTRICALS,,,,,,,,,
5423,10/26/2023,140887.5,452,M/S.S.R. ELECTRICALS,,,,,,,,,
5502,10/13/2023,160500,452,M/S.S.R. ELECTRICALS,,,,,,,,,
5038,8/16/2023,103597.5,453,M/S.A.T. WIRING & PLUMPING,,,,,,,,,
4946,7/27/2023,110535,454,M/S. MARIYA TRADERS,,,,,,,,,
5047,8/18/2023,12000,455,M/S. ANO TRADERS,,,,,,,,,
5048,8/18/2023,269700,455,M/S. ANO TRADERS,,,,,,,,,
5068,8/22/2023,12000,456,M/S. ANTONIS HARDWARE,,,,,,,,,
5069,8/22/2023,137062.5,456,M/S. ANTONIS HARDWARE,,,,,,,,,
5184,9/14/2023,57765,456,M/S. ANTONIS HARDWARE,,,,,,,,,
5402,10/23/2023,89977.5,456,M/S. ANTONIS HARDWARE,,,,,,,,,
5066,8/22/2023,103080,457,M/S. NEW KATHEESAN,,,,,,,,,
5376,10/17/2023,161910,457,M/S. NEW KATHEESAN,,,,,,,,,
5377,10/17/2023,12000,457,M/S. NEW KATHEESAN,,,,,,,,,
5554,11/24/2023,12000,457,M/S. NEW KATHEESAN,,,,,,,,,
5078,8/24/2023,103627.5,458,M/S. MAHESH & SONS,,,,,,,,,
5081,8/24/2023,24000,459,M/S. M.M.S.  ELECTRICALS,,,,,,,,,
5082,8/24/2023,98475,459,M/S. M.M.S.  ELECTRICALS,,,,,,,,,
5119,8/31/2023,127680,460,M/S. THRISHAN HARDWARE,,,,,,,,,
5120,8/31/2023,40680,461,M/S. VINAYAGAS TRADING,,,,,,,,,
4862,7/13/2023,12000,462,M/S. THAYA ELECTRICALS,,,,,,,,,
4863,7/13/2023,178627.5,462,M/S. THAYA ELECTRICALS,,,,,,,,,
4991,8/8/2023,55627.5,462,M/S. THAYA ELECTRICALS,,,,,,,,,
5297,10/4/2023,104850,462,M/S. THAYA ELECTRICALS,,,,,,,,,
5643,12/15/2023,28725,462,M/S. THAYA ELECTRICALS,,,,,,,,,
4856,7/12/2023,24000,463,M/S. GOLDEN ELECTRICALS,,,,,,,,,
4859,7/13/2024,247020,463,M/S. GOLDEN ELECTRICALS,,,,,,,,,
4008,10/10/2022,759975,338,SAM LANKA,,,,,,,,,
4050,10/21/2022,32512.5,338,SAM LANKA,,,,,,,,,
,,,,,,,,,,,,,
4129,11/22/2022,26550,338,SAM LANKA,,,,,,,,,
4208,12/22/2022,87300,338,SAM LANKA,,,,,,,,,
4492,3/27/2023,53887.5,338,SAM LANKA,,,,,,,,,
4503,3/29/2023,598605,338,SAM LANKA,,,,,,,,,
4838,7/10/2023,225900,338,SAM LANKA,,,,,,,,,
5061,8/21/2023,187200,338,SAM LANKA,,,,,,,,,
5260,9/30/2023,55500,338,SAM LANKA,,,,,,,,,
5378,10/17/2023,130050,338,SAM LANKA,,,,,,,,,
5651,12/18/2023,138300,338,SAM LANKA,,,,,,,,,
5728,12/29/2023,477675,338,SAM LANKA,,,,,,,,,
5733,12/31/2023,10575,338,SAM LANKA,,,,,,,,,
5169,9/12/2023,24000,464,M/S. RAJA RANI,,,,,,,,,
4046,10/21/2022,60825,465,M/S. EZHLILAHAM ELECTRICALS,,,,,,,,,
4288,1/20/2023,54967.5,465,M/S. EZHLILAHAM ELECTRICALS,,,,,,,,,
5091,8/28/2023,107910,465,M/S. EZHLILAHAM ELECTRICALS,,,,,,,,,
5720,12/29/2023,127710,465,M/S. EZHLILAHAM ELECTRICALS,,,,,,,,,
4203,12/21/2022,98775,360,INDHU HARDWARE,,,,,,,,,
4403,2/27/2023,103417.5,360,INDHU HARDWARE,,,,,,,,,
4864,7/13/2023,115942.5,360,INDHU HARDWARE,,,,,,,,,
5449,10/31/2023,204690,360,INDHU HARDWARE,,,,,,,,,
4217,12/23/2022,75487.5,364,NITHI STORES,,,,,,,,,
4920,7/25/2023,12000,364,NITHI STORES,,,,,,,,,
4661,5/30/2023,20160,466,M/S. JAFFNA ELECTRICALS,,,,,,,,,
46672,5/31/2023,40125,466,M/S. JAFFNA ELECTRICALS,,,,,,,,,
4749,6/20/2023,80250,466,M/S. JAFFNA ELECTRICALS,,,,,,,,,
4774,6/26/2023,181027.5,466,M/S. JAFFNA ELECTRICALS,,,,,,,,,
4789,6/29/2023,2700,466,M/S. JAFFNA ELECTRICALS,,,,,,,,,
4797,6/30/2023,80250,466,M/S. JAFFNA ELECTRICALS,,,,,,,,,
4849,7/12/2023,414150,466,M/S. JAFFNA ELECTRICALS,,,,,,,,,
4851,7/12/2023,237540,466,M/S. JAFFNA ELECTRICALS,,,,,,,,,
4857,7/12/2023,58410,466,M/S. JAFFNA ELECTRICALS,,,,,,,,,
4858,7/12/2023,8872.5,466,M/S. JAFFNA ELECTRICALS,,,,,,,,,
4988,8/7/2023,231120,466,M/S. JAFFNA ELECTRICALS,,,,,,,,,
5060,8/21/2023,50700,466,M/S. JAFFNA ELECTRICALS,,,,,,,,,
5261,9/30/2023,87375,466,M/S. JAFFNA ELECTRICALS,,,,,,,,,
5309,10/5/2023,10837.5,466,M/S. JAFFNA ELECTRICALS,,,,,,,,,
5310,10/5/2023,10080,466,M/S. JAFFNA ELECTRICALS,,,,,,,,,
5499,11/10/2023,28507.5,466,M/S. JAFFNA ELECTRICALS,,,,,,,,,
5504,11/14/2023,27592.5,466,M/S. JAFFNA ELECTRICALS,,,,,,,,,
5625,12/13/2023,447750,466,M/S. JAFFNA ELECTRICALS,,,,,,,,,
5639,12/15/2023,9450,466,M/S. JAFFNA ELECTRICALS,,,,,,,,,
4532,4/6/2023,8685,467,M/S. DG  ELECTRICALS,,,,,,,,,
4599,5/8/2023,48000,467,M/S. DG  ELECTRICALS,,,,,,,,,
4718,6/14/2023,24000,467,M/S. DG  ELECTRICALS,,,,,,,,,
4844,7/11/2023,68325,467,M/S. DG  ELECTRICALS,,,,,,,,,
4855,7/12/2023,32925,467,M/S. DG  ELECTRICALS,,,,,,,,,
4878,7/17/2023,188752.5,467,M/S. DG  ELECTRICALS,,,,,,,,,
5072,8/23/2023,186757.5,467,M/S. DG  ELECTRICALS,,,,,,,,,
5073,8/23/2023,24000,467,M/S. DG  ELECTRICALS,,,,,,,,,
5166,9/12/2023,84960,467,M/S. DG  ELECTRICALS,,,,,,,,,
5204,9/19/2023,65655,467,M/S. DG  ELECTRICALS,,,,,,,,,
5236,9/26/2023,24000,467,M/S. DG  ELECTRICALS,,,,,,,,,
5239,9/26/2023,44610,467,M/S. DG  ELECTRICALS,,,,,,,,,
5326,10/9/2023,49890,467,M/S. DG  ELECTRICALS,,,,,,,,,
5418,10/25/2023,121312.5,467,M/S. DG  ELECTRICALS,,,,,,,,,
5446,10/31/2023,157905,467,M/S. DG  ELECTRICALS,,,,,,,,,
5468,10/31/2023,200985,467,M/S. DG  ELECTRICALS,,,,,,,,,
5475,10/31/2023,127560,467,M/S. DG  ELECTRICALS,,,,,,,,,
5523,11/16/2023,48000,467,M/S. DG  ELECTRICALS,,,,,,,,,
5568,11/30/2023,56242.5,467,M/S. DG  ELECTRICALS,,,,,,,,,
5572,11/30/2023,17475,467,M/S. DG  ELECTRICALS,,,,,,,,,
5655,12/19/2023,89932.5,467,M/S. DG  ELECTRICALS,,,,,,,,,
5699,12/27/2023,42607.5,467,M/S. DG  ELECTRICALS,,,,,,,,,
5731,12/29/2023,341070,467,M/S. DG  ELECTRICALS,,,,,,,,,
4906,7/21/2023,125220,468,M/S. VISHWAYA MULTY CENTRE,,,,,,,,,
5608,12/7/2023,153285,468,M/S. VISHWAYA MULTY CENTRE,,,,,,,,,
4968,7/11/2023,12000,469,M/S. RITHUBHAN MOTORS,,,,,,,,,
4969,7/11/2023,218295,469,M/S. RITHUBHAN MOTORS,,,,,,,,,
5115,8/31/2023,96300,469,M/S. RITHUBHAN MOTORS,,,,,,,,,
5437,10/30/2023,147705,469,M/S. RITHUBHAN MOTORS,,,,,,,,,
4974,7/31/2023,193350,470,M/S. WHITE LIGHT ELECTRICALS,,,,,,,,,
5023,8/14/2023,21675,470,M/S. WHITE LIGHT ELECTRICALS,,,,,,,,,
5030,8/15/2023,118950,470,M/S. WHITE LIGHT ELECTRICALS,,,,,,,,,
5085,8/25/2023,114285,470,M/S. WHITE LIGHT ELECTRICALS,,,,,,,,,
5125,8/31/2023,10207.5,470,M/S. WHITE LIGHT ELECTRICALS,,,,,,,,,
5325,10/9/2023,21765,470,M/S. WHITE LIGHT ELECTRICALS,,,,,,,,,
5724,12/29/2023,158010,470,M/S. WHITE LIGHT ELECTRICALS,,,,,,,,,
5001,8/9/2023,154140,471,M/S. SIVAGURU  ELECTRICALS,,,,,,,,,
5190,9/15/2023,149985,472,M/S. ERIC ELECTRICALS,,,,,,,,,
5371,10/17/2023,170325,472,M/S. ERIC ELECTRICALS,,,,,,,,,
5350,10/11/2023,69210,473,M/S. VISANTHIJA ELECTRICALS,,,,,,,,,
5350,10/13/2023,114930,474,M/S. GNANAM TECHNOLOGY,,,,,,,,,
5382,10/18/2023,113370,475,M/S. ANUJAN ELECTRICALS,,,,,,,,,
5696,12/27/2023,268290,376,M/S.NEW VIVI ELECTRO,,,,,,,,,
4535,4/6/2023,110437.5,369,ASIAN ELECTRICALS & LIGHTING,,,,,,,,,
4706,6/12/2023,34950,369,ASIAN ELECTRICALS & LIGHTING,,,,,,,,,
4708,6/12/2023,37725,369,ASIAN ELECTRICALS & LIGHTING,,,,,,,,,
4734,6/19/2023,176625,369,ASIAN ELECTRICALS & LIGHTING,,,,,,,,,
4753,6/21/2023,5242.5,369,ASIAN ELECTRICALS & LIGHTING,,,,,,,,,
4811,7/5/2023,151125,369,ASIAN ELECTRICALS & LIGHTING,,,,,,,,,
5019,8/14/2023,32100,369,ASIAN ELECTRICALS & LIGHTING,,,,,,,,,
5067,8/22/2023,105217.5,369,ASIAN ELECTRICALS & LIGHTING,,,,,,,,,
5092,8/28/2023,9540,369,ASIAN ELECTRICALS & LIGHTING,,,,,,,,,
5093,8/28/2023,13425,369,ASIAN ELECTRICALS & LIGHTING,,,,,,,,,
5094,8/28/2023,20340,369,ASIAN ELECTRICALS & LIGHTING,,,,,,,,,
5096,8/28/2023,2820,369,ASIAN ELECTRICALS & LIGHTING,,,,,,,,,
5579,11/30/2023,98887.5,369,ASIAN ELECTRICALS & LIGHTING,,,,,,,,,
5603,12/7/2023,110250,369,ASIAN ELECTRICALS & LIGHTING,,,,,,,,,
5604,12/7/2023,38475,369,ASIAN ELECTRICALS & LIGHTING,,,,,,,,,
5630,12/14/2023,235650,369,ASIAN ELECTRICALS & LIGHTING,,,,,,,,,
4583,5/2/2023,4335,344,CITY CYCLE & ELECTRICALS,,,,,,,,,
4691,6/5/2023,18135,344,CITY CYCLE & ELECTRICALS,,,,,,,,,
4871,7/14/2023,88230,344,CITY CYCLE & ELECTRICALS,,,,,,,,,
5458,10/31/2023,39322.5,369,CITY CYCLE & ELECTRICALS,,,,,,,,,
5530,11/20/2023,48592.5,344,CITY CYCLE & ELECTRICALS,,,,,,,,,
4555,4/20/2023,205815,77,MAGAMPURA HARDWARE,,,,,,,,,
4714,6/13/2023,134760,77,MAGAMPURA HARDWARE,,,,,,,,,
4792,6/29/2023,355402.5,77,MAGAMPURA HARDWARE,,,,,,,,,
5375,10/17/2023,174750,77,MAGAMPURA HARDWARE,,,,,,,,,
5401,10/23/2023,309375,77,MAGAMPURA HARDWARE,,,,,,,,,
4429,4/1/2023,7950,97,SUDARA ENTERPRICESES,,,,,,,,,
5469,10/31/2023,27600,97,SUDARA ENTERPRICESES,,,,,,,,,
5508,11/15/2023,41850,97,SUDARA ENTERPRICESES,,,,,,,,,
4545,4/7/2023,1075020,74,FINAL TOUCH ELECTRICALS ,,,,,,,,,
4669,5/31/2023,34650,74,FINAL TOUCH ELECTRICALS ,,,,,,,,,
4825,7/7/2023,25005,74,FINAL TOUCH ELECTRICALS ,,,,,,,,,
4837,7/10/2023,12150,74,FINAL TOUCH ELECTRICALS ,,,,,,,,,
4904,7/21/2023,1152480,74,FINAL TOUCH ELECTRICALS ,,,,,,,,,
5055,8/21/2023,33210,74,FINAL TOUCH ELECTRICALS ,,,,,,,,,
5123,8/31/2023,796125,74,FINAL TOUCH ELECTRICALS ,,,,,,,,,
5170,9/13/2023,10350,74,FINAL TOUCH ELECTRICALS ,,,,,,,,,
5196,9/18/2023,57712.5,74,FINAL TOUCH ELECTRICALS ,,,,,,,,,
5212,9/20/2023,349275,74,FINAL TOUCH ELECTRICALS ,,,,,,,,,
5250,9/27/2023,113587.5,74,FINAL TOUCH ELECTRICALS ,,,,,,,,,
5255,9/30/2023,26650,74,FINAL TOUCH ELECTRICALS ,,,,,,,,,
5256,9/30/2023,685912.5,74,FINAL TOUCH ELECTRICALS ,,,,,,,,,
5322,9/10/2023,1383465,74,FINAL TOUCH ELECTRICALS ,,,,,,,,,
5519,11/16/2023,96900,74,FINAL TOUCH ELECTRICALS ,,,,,,,,,
5566,11/29/2023,270120,74,FINAL TOUCH ELECTRICALS ,,,,,,,,,
5601,12/6/2023,393225,74,FINAL TOUCH ELECTRICALS ,,,,,,,,,
5641,12/15/2023,67125,74,FINAL TOUCH ELECTRICALS ,,,,,,,,,
4544,4/7/2023,69750,23,JAYANI ELECTRICALS,,,,,,,,,
4554,4/20/2023,34275,23,JAYANI ELECTRICALS,,,,,,,,,
4630,5/18/2023,27975,23,JAYANI ELECTRICALS,,,,,,,,,
4650,5/26/2023,1139325,23,JAYANI ELECTRICALS,,,,,,,,,
4707,6/12/2023,33525,23,JAYANI ELECTRICALS,,,,,,,,,
4791,6/29/2023,1112662.5,23,JAYANI ELECTRICALS,,,,,,,,,
4896,7/19/2023,203850,23,JAYANI ELECTRICALS,,,,,,,,,
5053,8/21/2023,223875,23,JAYANI ELECTRICALS,,,,,,,,,
5116,8/31/2023,502387.5,23,JAYANI ELECTRICALS,,,,,,,,,
5160,9/18/2023,18000,23,JAYANI ELECTRICALS,,,,,,,,,
5321,10/9/2023,174750,23,JAYANI ELECTRICALS,,,,,,,,,
5380,10/18/2023,54600,23,JAYANI ELECTRICALS,,,,,,,,,
5444,10/31/2023,700275,23,JAYANI ELECTRICALS,,,,,,,,,
5582,12/14/2023,121080,23,JAYANI ELECTRICALS,,,,,,,,,
5658,12/19/2023,684090,23,JAYANI ELECTRICALS,,,,,,,,,
5662,12/20/2023,209250,23,JAYANI ELECTRICALS,,,,,,,,,
5668,12/21/2023,139500,23,JAYANI ELECTRICALS,,,,,,,,,
5692,12/27/2023,20400,23,JAYANI ELECTRICALS,,,,,,,,,
5366,10/16/2023,6660,43,RANGA ELECTRICALS,,,,,,,,,
5430,10/27/2023,107902.5,43,RANGA ELECTRICALS,,,,,,,,,
5451,10/31/2023,71670,43,RANGA ELECTRICALS,,,,,,,,,
5525,11/17/2023,23085,43,RANGA ELECTRICALS,,,,,,,,,
4534,6/4/2023,14475,26,METRO LIGHT SHOP ,,,,,,,,,
4611,5/11/2023,249540,26,METRO LIGHT SHOP ,,,,,,,,,
4642,5/23/2023,20250,26,METRO LIGHT SHOP ,,,,,,,,,
4645,5/25/2023,383325,26,METRO LIGHT SHOP ,,,,,,,,,
4674,6/1/2023,7237.5,26,METRO LIGHT SHOP ,,,,,,,,,
4687,6/2/2023,14475,26,METRO LIGHT SHOP ,,,,,,,,,
4701,6/9/2023,7762.5,26,METRO LIGHT SHOP ,,,,,,,,,
4804,6/30/2023,35925,26,METRO LIGHT SHOP ,,,,,,,,,
4868,7/14/2023,42225,26,METRO LIGHT SHOP ,,,,,,,,,
4901,7/20/2023,6075,26,METRO LIGHT SHOP ,,,,,,,,,
4905,7/21/2023,222842.5,26,METRO LIGHT SHOP ,,,,,,,,,
4967,7/31/2023,32100,26,METRO LIGHT SHOP ,,,,,,,,,
4983,8/7/2023,26010,26,METRO LIGHT SHOP ,,,,,,,,,
5027,8/15/2023,43350,26,METRO LIGHT SHOP ,,,,,,,,,
5057,8/21/2023,151800,26,METRO LIGHT SHOP ,,,,,,,,,
5090,8/28/2023,126427.5,26,METRO LIGHT SHOP ,,,,,,,,,
5213,9/20/2023,220275,26,METRO LIGHT SHOP ,,,,,,,,,
5217,9/21/2023,21675,26,METRO LIGHT SHOP ,,,,,,,,,
5229,9/25/2023,43350,26,METRO LIGHT SHOP ,,,,,,,,,
5257,9/30/2023,504937.5,26,METRO LIGHT SHOP ,,,,,,,,,
5365,10/16/2023,64132.5,26,METRO LIGHT SHOP ,,,,,,,,,
5394,10/23/2023,115620,26,METRO LIGHT SHOP ,,,,,,,,,
5483,11/6/2023,25110,26,METRO LIGHT SHOP ,,,,,,,,,
5546,11/22/2023,87375,26,METRO LIGHT SHOP ,,,,,,,,,
5555,11/24/2023,269250,26,METRO LIGHT SHOP ,,,,,,,,,
5556,11/24/2023,113640,26,METRO LIGHT SHOP ,,,,,,,,,
5587,12/4/2023,80250,26,METRO LIGHT SHOP ,,,,,,,,,
5660,12/19/2023,14117250,26,METRO LIGHT SHOP ,,,,,,,,,
4363,2/14/2023,36187.5,476,INDUMINA ELECTRICALS,,,,,,,,,
4582,5/2/2023,52110,476,INDUMINA ELECTRICALS,,,,,,,,,
5258,9/30/2023,71100,476,INDUMINA ELECTRICALS,,,,,,,,,
4620,5/16/2023,121875,477,"M/S. NEW SILVERLINE TRADERS,",,,,,,,,,
4773,6/26/2023,113542.5,477,"M/S. NEW SILVERLINE TRADERS,",,,,,,,,,
4366,2/14/2023,112350,478,HOME PLUS,,,,,,,,,
5339,10/10/2023,41925,478,HOME PLUS,,,,,,,,,
5581,12/4/2023,125257.5,478,HOME PLUS,,,,,,,,,
4622,5/16/2023,57750,479,M/S. SANHINDA HARDWARE,,,,,,,,,
4629,5/17/2023,64200,479,M/S. SANHINDA HARDWARE,,,,,,,,,
4389,2/23/2023,55500,480,SHANTHI ELECTRICALS,,,,,,,,,
5086,8/25/2023,7200,479,M/S. SANHINDA HARDWARE,,,,,,,,,
5043,8/17/2023,41415,480,SHANTHI ELECTRICALS,,,,,,,,,
5478,11/3/2023,39825,480,SHANTHI ELECTRICALS,,,,,,,,,
5497,11/9/2023,40875,480,SHANTHI ELECTRICALS,,,,,,,,,
5087,8/25/2023,20340,479,M/S. SANHINDA HARDWARE,,,,,,,,,
5088,8/25/2023,16462.5,479,M/S. SANHINDA HARDWARE,,,,,,,,,
5553,11/24/2024,64200,479,M/S. SANHINDA HARDWARE,,,,,,,,,
4415,2/28/2023,174187.5,481,SINGHE HARDWARE & ELECTRICALS,,,,,,,,,
4453,3/17/2023,244087.5,481,SINGHE HARDWARE & ELECTRICALS,,,,,,,,,
4497,3/28/2023,294487.5,481,SINGHE HARDWARE & ELECTRICALS,,,,,,,,,
4570,4/26/2023,56775,481,SINGHE HARDWARE & ELECTRICALS,,,,,,,,,
4604,5/9/2023,69150,481,SINGHE HARDWARE & ELECTRICALS,,,,,,,,,
4665,5/31/2023,117750,481,SINGHE HARDWARE & ELECTRICALS,,,,,,,,,
4694,6/6/2023,123420,481,SINGHE HARDWARE & ELECTRICALS,,,,,,,,,
4623,5/16/2023,129780,482,M/S. WASANA TRADERS,,,,,,,,,
4771,6/26/2023,32512.5,482,M/S. WASANA TRADERS,,,,,,,,,
4781,6/27/2023,69750,482,M/S. WASANA TRADERS,,,,,,,,,
4709,6/12/2023,184320,481,SINGHE HARDWARE & ELECTRICALS,,,,,,,,,
5245,9/27/2023,57870,482,M/S. WASANA TRADERS,,,,,,,,,
4848,7/12/2023,34702.5,481,SINGHE HARDWARE & ELECTRICALS,,,,,,,,,
4854,7/12/2023,34702.5,481,SINGHE HARDWARE & ELECTRICALS,,,,,,,,,
4658,5/29/2023,62767.5,483,M/S. MALINDU HARDWARE,,,,,,,,,
4938,7/26/2023,139500,481,SINGHE HARDWARE & ELECTRICALS,,,,,,,,,
5139,9/5/2023,163912.5,481,SINGHE HARDWARE & ELECTRICALS,,,,,,,,,
,,,,,,,,,,,,,
,,,,,,,,,,,,,
,,,,,,,,,,,,,
,,,,,,,,,,,,,
4729,6/16/2023,305212.5,484,M/S. NEW PROMOD ELECTRICALS,,,,,,,,,
5498,11/9/2023,90480,481,SINGHE HARDWARE & ELECTRICALS,,,,,,,,,
4730,6/16/2023,36697.5,484,M/S. NEW PROMOD ELECTRICALS,,,,,,,,,
5560,11/28/2023,57960,481,SINGHE HARDWARE & ELECTRICALS,,,,,,,,,
5599,12/6/2023,4507.5,481,SINGHE HARDWARE & ELECTRICALS,,,,,,,,,
4860,7/13/2023,50295,484,M/S. NEW PROMOD ELECTRICALS,,,,,,,,,
5626,12/13/2023,28950,481,SINGHE HARDWARE & ELECTRICALS,,,,,,,,,
5714,12/29/2023,23220,484,M/S. NEW PROMOD ELECTRICALS,,,,,,,,,
5719,12/29/2023,133725,481,SINGHE HARDWARE & ELECTRICALS,,,,,,,,,
4414,2/28/2023,33525,318,NEW CITY ELECTRICALS,,,,,,,,,
4435,3/9/2023,109725,486,NEW WEERAKETIYA HARDWARE,,,,,,,,,
4581,4/28/2023,53955,486,NEW WEERAKETIYA HARDWARE,,,,,,,,,
4740,6/19/2023,117585,486,NEW WEERAKETIYA HARDWARE,,,,,,,,,
5100,8/28/2023,40680,486,NEW WEERAKETIYA HARDWARE,,,,,,,,,
5341,10/10/2023,7350,486,NEW WEERAKETIYA HARDWARE,,,,,,,,,
4750,6/21/2023,143647.5,485,M/S. SOUTHERN HARDWARE,,,,,,,,,
4839,7/10/2023,82050,485,M/S. SOUTHERN HARDWARE,,,,,,,,,
4446,3/15/2023,190342.5,487," PRADEEP ELECTRICALS,",,,,,,,,,
4911,7/24/2023,261877.5,485,M/S. SOUTHERN HARDWARE,,,,,,,,,
4947,7/27/2023,17475,485,M/S. SOUTHERN HARDWARE,,,,,,,,,
4461,3/20/2023,114817.5,488, SKYLIGHTS ELECTRICALS,,,,,,,,,
4536,4/7/2023,52035,488, SKYLIGHTS ELECTRICALS,,,,,,,,,
4867,7/14/2023,82830,488, SKYLIGHTS ELECTRICALS,,,,,,,,,
5327,10/9/2023,46425,488, SKYLIGHTS ELECTRICALS,,,,,,,,,
5022,8/14/2023,133387.5,485,M/S. SOUTHERN HARDWARE,,,,,,,,,
5054,8/21/2023,15352.5,485,M/S. SOUTHERN HARDWARE,,,,,,,,,
5103,8/28/2023,12165,485,M/S. SOUTHERN HARDWARE,,,,,,,,,
4464,3/20/2023,64597.5,489,NEW GALLE ELECTRICALS,,,,,,,,,
5104,8/29/2023,44675,485,M/S. SOUTHERN HARDWARE,,,,,,,,,
5108,8/29/2023,205672.5,485,M/S. SOUTHERN HARDWARE,,,,,,,,,
4466,3/21/2023,79882.5,490,M/S. MODERN ELECTRICALS,,,,,,,,,
4675,6/1/2023,32100,490,M/S. MODERN ELECTRICALS,,,,,,,,,
4869,7/14/2023,53100,490,M/S. MODERN ELECTRICALS,,,,,,,,,
4952,7/28/2023,63412,490,M/S. MODERN ELECTRICALS,,,,,,,,,
5127,8/31/2023,2520,485,M/S. SOUTHERN HARDWARE,,,,,,,,,
5221,9/21/2023,142500,485,M/S. SOUTHERN HARDWARE,,,,,,,,,
5308,10/5/2023,521340,485,M/S. SOUTHERN HARDWARE,,,,,,,,,
4457,3/20/2023,69825,491,M/S. SINGHE HARDWARE,,,,,,,,,
5354,10/12/2023,20820,485,M/S. SOUTHERN HARDWARE,,,,,,,,,
4484,3/23/2023,38475,491,M/S. SINGHE HARDWARE,,,,,,,,,
5364,10/16/2023,38400,485,M/S. SOUTHERN HARDWARE,,,,,,,,,
5037,8/16/2023,40500,491,M/S. SINGHE HARDWARE,,,,,,,,,
5399,10/23/2023,28987.5,485,M/S. SOUTHERN HARDWARE,,,,,,,,,
5106,8/29/2023,71265,491,M/S. SINGHE HARDWARE,,,,,,,,,
5426,10/27/2023,145012.5,485,M/S. SOUTHERN HARDWARE,,,,,,,,,
5509,11/15/2023,73852.5,485,M/S. SOUTHERN HARDWARE,,,,,,,,,
5476,10/31/2023,96300,491,M/S. SINGHE HARDWARE,,,,,,,,,
5575,11/30/2023,145305,485,M/S. SOUTHERN HARDWARE,,,,,,,,,
5482,11/6/2023,17340,491,M/S. SINGHE HARDWARE,,,,,,,,,
5493,11/8/2023,4050,491,M/S. SINGHE HARDWARE,,,,,,,,,
5613,12/11/2023,112552.5,485,M/S. SOUTHERN HARDWARE,,,,,,,,,
5615,12/11/2023,47400,485,M/S. SOUTHERN HARDWARE,,,,,,,,,
5627,12/13/2023,354727.5,485,M/S. SOUTHERN HARDWARE,,,,,,,,,
5647,12/18/2023,151987.5,485,M/S. SOUTHERN HARDWARE,,,,,,,,,
5691,12/27/2023,189150,485,M/S. SOUTHERN HARDWARE,,,,,,,,,
4474,5/22/2023,110182.5,492,M/S. HEWAGE ELECTRICALS,,,,,,,,,
5028,8/15/2023,32100,492,M/S. HEWAGE ELECTRICALS,,,,,,,,,
5031,8/15/2023,41415,492,M/S. HEWAGE ELECTRICALS,,,,,,,,,
5032,8/15/2023,41415,492,M/S. HEWAGE ELECTRICALS,,,,,,,,,
4516,3/31/2023,122925,493,CHANAKA ELECTRICALS,,,,,,,,,
4737,1/19/2023,111300,493,CHANAKA ELECTRICALS,,,,,,,,,
5077,8/24/2023,19920,493,CHANAKA ELECTRICALS,,,,,,,,,
5249,9/27/2023,10837.5,493,CHANAKA ELECTRICALS,,,,,,,,,
4564,4/26/2023,122550,495,M/S. CHANAKA ENTERPRISES,,,,,,,,,
4651,5/26/2023,32100,495,M/S. CHANAKA ENTERPRISES,,,,,,,,,
5071,8/23/2023,32100,495,M/S. CHANAKA ENTERPRISES,,,,,,,,,
4586,5/2/2023,55200,498,M/S. AHANGAMA ELECTRICALS,,,,,,,,,
5289,9/30/2023,20250,498,M/S. AHANGAMA ELECTRICALS,,,,,,,,,
4887,7/18/2023,21555,494,M/S. ATHUKORA ELECTRICALS,,,,,,,,,
5079,8/24/2023,82830,494,M/S. ATHUKORA ELECTRICALS,,,,,,,,,
4812,7/5/2023,143850,497,M/S. SUHADA  ELECTRICALS,,,,,,,,,
4930,7/25/2023,101595,496,M/S. WICKRAMA HARDWARE STORES,,,,,,,,,
5158,9/11/2023,570375,497,M/S. SUHADA  ELECTRICALS,,,,,,,,,
5042,8/17/2023,115350,496,M/S. WICKRAMA HARDWARE STORES,,,,,,,,,
5286,9/30/2023,75450,497,M/S. SUHADA  ELECTRICALS,,,,,,,,,
5405,10/23/2023,29287,497,M/S. SUHADA  ELECTRICALS,,,,,,,,,
5532,12/21/2023,218040,496,M/S. WICKRAMA HARDWARE STORES,,,,,,,,,
5435,10/30/2023,179175,497,M/S. SUHADA  ELECTRICALS,,,,,,,,,
5713,12/29/2023,353940,496,M/S. WICKRAMA HARDWARE STORES,,,,,,,,,
5456,10/31/2023,1590,497,M/S. SUHADA  ELECTRICALS,,,,,,,,,
4995,8/8/2023,40680,499,M/S. RUWAN ELECTRICALS,,,,,,,,,
5512,11/15/2023,256177.5,497,M/S. SUHADA  ELECTRICALS,,,,,,,,,
5533,11/20/2023,140550,497,M/S. SUHADA  ELECTRICALS,,,,,,,,,
5408,10/24/2023,152662,499,M/S. RUWAN ELECTRICALS,,,,,,,,,
5552,11/24/2023,96300,497,M/S. SUHADA  ELECTRICALS,,,,,,,,,
5480,11/6/2023,41625,499,M/S. RUWAN ELECTRICALS,,,,,,,,,
5577,11/30/2023,188625,497,M/S. SUHADA  ELECTRICALS,,,,,,,,,
5586,12/4/2023,22065,497,M/S. SUHADA  ELECTRICALS,,,,,,,,,
5500,11/10/2023,17370,499,M/S. RUWAN ELECTRICALS,,,,,,,,,
5659,12/19/2023,396690,497,M/S. SUHADA  ELECTRICALS,,,,,,,,,
5563,11/29/2023,19530,499,M/S. RUWAN ELECTRICALS,,,,,,,,,
5683,12/29/2023,77850,497,M/S. SUHADA  ELECTRICALS,,,,,,,,,
5709,12/28/2023,121987.5,499,M/S. RUWAN ELECTRICALS,,,,,,,,,
5102,8/28/2023,9960,500,M/S. LASANTHA CYCLE,,,,,,,,,
5147,9/6/2023,248490,501,M/S. DISHAN ELECTRICALS,,,,,,,,,
5148,9/6/2023,222705,501,M/S. DISHAN ELECTRICALS,,,,,,,,,
5259,9/30/2023,167625,501,M/S. DISHAN ELECTRICALS,,,,,,,,,
5543,11/22/2023,87375,501,M/S. DISHAN ELECTRICALS,,,,,,,,,
5665,12/20/2023,38115,501,M/S. DISHAN ELECTRICALS,,,,,,,,,
5403,10/23/2023,84600,502,M/S. WICKREMASINGHE HARDWARE,,,,,,,,,
5538,11/21/2023,27600,503,M/S. NEW RANAWEERA STORES,,,,,,,,,
123456,2/6/2024,25780,504,TEST CUSTOMER,,,,,,,,,
